0.0000000E+00 1.6490E-01
6.5110000E-04 1.6490E-01
1.3021000E-03 1.6499E-01
1.9531000E-03 1.6514E-01
2.6042000E-03 1.6524E-01
3.2552000E-03 1.6534E-01
3.9063000E-03 1.6563E-01
4.5573000E-03 1.6575E-01
5.2084000E-03 1.6603E-01
5.8594000E-03 1.6592E-01
6.5104000E-03 1.6604E-01
7.1615000E-03 1.6624E-01
7.8125000E-03 1.6621E-01
8.4636000E-03 1.6630E-01
9.1146000E-03 1.6631E-01
9.7656000E-03 1.6635E-01
1.0416700E-02 1.6645E-01
1.1067700E-02 1.6641E-01
1.1718800E-02 1.6631E-01
1.2369800E-02 1.6621E-01
1.3020900E-02 1.6625E-01
1.3671900E-02 1.6565E-01
1.4322900E-02 1.6504E-01
1.4974000E-02 1.6425E-01
1.5625000E-02 1.6326E-01
1.6276100E-02 1.6216E-01
1.6927100E-02 1.6078E-01
1.7578100E-02 1.5928E-01
1.8229200E-02 1.5772E-01
1.8880200E-02 1.5631E-01
1.9531300E-02 1.5490E-01
2.0182300E-02 1.5335E-01
2.0833400E-02 1.5240E-01
2.1484400E-02 1.5196E-01
2.2135400E-02 1.5179E-01
2.2786500E-02 1.5155E-01
2.3437500E-02 1.5167E-01
2.4088600E-02 1.5182E-01
2.4739600E-02 1.5179E-01
2.5390600E-02 1.5211E-01
2.6041700E-02 1.5200E-01
2.6692700E-02 1.5222E-01
2.7343800E-02 1.5233E-01
2.7994800E-02 1.5234E-01
2.8645900E-02 1.5252E-01
2.9296900E-02 1.5291E-01
2.9947900E-02 1.5350E-01
3.0599000E-02 1.5420E-01
3.1250000E-02 1.5527E-01
3.1901100E-02 1.5661E-01
3.2552100E-02 1.5834E-01
3.3203100E-02 1.6043E-01
3.3854200E-02 1.6249E-01
3.4505200E-02 1.6516E-01
3.5156300E-02 1.6773E-01
3.5807300E-02 1.7076E-01
3.6458400E-02 1.7340E-01
3.7109400E-02 1.7578E-01
3.7760400E-02 1.7796E-01
3.8411500E-02 1.7965E-01
3.9062500E-02 1.8094E-01
3.9713600E-02 1.8210E-01
4.0364600E-02 1.8326E-01
4.1015600E-02 1.8469E-01
4.1666700E-02 1.8624E-01
4.2317700E-02 1.8804E-01
4.2968800E-02 1.8984E-01
4.3619800E-02 1.9217E-01
4.4270900E-02 1.9420E-01
4.4921900E-02 1.9603E-01
4.5572900E-02 1.9769E-01
4.6224000E-02 1.9903E-01
4.6875000E-02 2.0029E-01
4.7526100E-02 2.0098E-01
4.8177100E-02 2.0126E-01
4.8828100E-02 2.0128E-01
4.9479200E-02 2.0086E-01
5.0130200E-02 2.0036E-01
5.0781300E-02 1.9981E-01
5.1432300E-02 1.9963E-01
5.2083400E-02 1.9953E-01
5.2734400E-02 1.9957E-01
5.3385400E-02 1.9957E-01
5.4036500E-02 1.9925E-01
5.4687500E-02 1.9908E-01
5.5338600E-02 1.9874E-01
5.5989600E-02 1.9881E-01
5.6640600E-02 1.9859E-01
5.7291700E-02 1.9833E-01
5.7942700E-02 1.9822E-01
5.8593800E-02 1.9812E-01
5.9244800E-02 1.9812E-01
5.9895900E-02 1.9802E-01
6.0546900E-02 1.9792E-01
6.1197900E-02 1.9796E-01
6.1849000E-02 1.9796E-01
6.2500000E-02 1.9801E-01
6.3151100E-02 1.9787E-01
6.3802100E-02 1.9819E-01
6.4453100E-02 1.9812E-01
6.5104200E-02 1.9821E-01
6.5755200E-02 1.9794E-01
6.6406300E-02 1.9782E-01
6.7057300E-02 1.9795E-01
6.7708400E-02 1.9792E-01
6.8359400E-02 1.9801E-01
6.9010400E-02 1.9825E-01
6.9661500E-02 1.9883E-01
7.0312500E-02 1.9962E-01
7.0963600E-02 2.0051E-01
7.1614600E-02 2.0170E-01
7.2265600E-02 2.0286E-01
7.2916700E-02 2.0429E-01
7.3567700E-02 2.0552E-01
7.4218800E-02 2.0644E-01
7.4869800E-02 2.0725E-01
7.5520900E-02 2.0768E-01
7.6171900E-02 2.0790E-01
7.6822900E-02 2.0773E-01
7.7474000E-02 2.0762E-01
7.8125000E-02 2.0747E-01
7.8776100E-02 2.0751E-01
7.9427100E-02 2.0747E-01
8.0078100E-02 2.0760E-01
8.0729200E-02 2.0761E-01
8.1380200E-02 2.0775E-01
8.2031300E-02 2.0790E-01
8.2682300E-02 2.0796E-01
8.3333400E-02 2.0801E-01
8.3984400E-02 2.0848E-01
8.4635400E-02 2.0847E-01
8.5286500E-02 2.0879E-01
8.5937500E-02 2.0863E-01
8.6588600E-02 2.0876E-01
8.7239600E-02 2.0886E-01
8.7890600E-02 2.0873E-01
8.8541700E-02 2.0863E-01
8.9192700E-02 2.0824E-01
8.9843800E-02 2.0761E-01
9.0494800E-02 2.0672E-01
9.1145900E-02 2.0531E-01
9.1796900E-02 2.0362E-01
9.2447900E-02 2.0158E-01
9.3099000E-02 1.9952E-01
9.3750000E-02 1.9657E-01
9.4401100E-02 1.9375E-01
9.5052100E-02 1.9046E-01
9.5703100E-02 1.8761E-01
9.6354200E-02 1.8494E-01
9.7005200E-02 1.8158E-01
9.7656300E-02 1.7788E-01
9.8307300E-02 1.7477E-01
9.8958400E-02 1.7212E-01
9.9609400E-02 1.6951E-01
1.0026040E-01 1.6741E-01
1.0091150E-01 1.6596E-01
1.0156250E-01 1.6478E-01
1.0221360E-01 1.6395E-01
1.0286460E-01 1.6329E-01
1.0351560E-01 1.6287E-01
1.0416670E-01 1.6256E-01
1.0481770E-01 1.6263E-01
1.0546880E-01 1.6320E-01
1.0611980E-01 1.6361E-01
1.0677090E-01 1.6430E-01
1.0742190E-01 1.6491E-01
1.0807290E-01 1.6532E-01
1.0872400E-01 1.6563E-01
1.0937500E-01 1.6589E-01
1.1002610E-01 1.6600E-01
1.1067710E-01 1.6596E-01
1.1132810E-01 1.6591E-01
1.1197920E-01 1.6581E-01
1.1263020E-01 1.6576E-01
1.1328130E-01 1.6589E-01
1.1393230E-01 1.6558E-01
1.1458340E-01 1.6546E-01
1.1523440E-01 1.6513E-01
1.1588540E-01 1.6519E-01
1.1653650E-01 1.6506E-01
1.1718750E-01 1.6486E-01
1.1783860E-01 1.6480E-01
1.1848960E-01 1.6475E-01
1.1914060E-01 1.6475E-01
1.1979170E-01 1.6484E-01
1.2044270E-01 1.6494E-01
1.2109380E-01 1.6509E-01
1.2174480E-01 1.6524E-01
1.2239590E-01 1.6548E-01
1.2304690E-01 1.6550E-01
1.2369790E-01 1.6602E-01
1.2434900E-01 1.6619E-01
1.2500000E-01 1.6639E-01
1.2565110E-01 1.6645E-01
1.2630210E-01 1.6632E-01
1.2695310E-01 1.6607E-01
1.2760420E-01 1.6550E-01
1.2825520E-01 1.6475E-01
1.2890630E-01 1.6363E-01
1.2955730E-01 1.6219E-01
1.3020840E-01 1.6078E-01
1.3085940E-01 1.5914E-01
1.3151040E-01 1.5748E-01
1.3216150E-01 1.5568E-01
1.3281250E-01 1.5420E-01
1.3346360E-01 1.5330E-01
1.3411460E-01 1.5282E-01
1.3476560E-01 1.5237E-01
1.3541670E-01 1.5182E-01
1.3606770E-01 1.5183E-01
1.3671880E-01 1.5160E-01
1.3736980E-01 1.5144E-01
1.3802090E-01 1.5134E-01
1.3867190E-01 1.5128E-01
1.3932290E-01 1.5128E-01
1.3997400E-01 1.5142E-01
1.4062500E-01 1.5157E-01
1.4127610E-01 1.5177E-01
1.4192710E-01 1.5211E-01
1.4257810E-01 1.5269E-01
1.4322920E-01 1.5348E-01
1.4388020E-01 1.5471E-01
1.4453130E-01 1.5596E-01
1.4518230E-01 1.5787E-01
1.4583340E-01 1.5960E-01
1.4648440E-01 1.6182E-01
1.4713540E-01 1.6460E-01
1.4778650E-01 1.6722E-01
1.4843750E-01 1.7007E-01
1.4908860E-01 1.7284E-01
1.4973960E-01 1.7542E-01
1.5039060E-01 1.7770E-01
1.5104170E-01 1.7954E-01
1.5169270E-01 1.8093E-01
1.5234380E-01 1.8187E-01
1.5299480E-01 1.8296E-01
1.5364590E-01 1.8383E-01
1.5429690E-01 1.8492E-01
1.5494790E-01 1.8626E-01
1.5559900E-01 1.8771E-01
1.5625000E-01 1.8954E-01
1.5690110E-01 1.9131E-01
1.5755210E-01 1.9292E-01
1.5820310E-01 1.9439E-01
1.5885420E-01 1.9594E-01
1.5950520E-01 1.9731E-01
1.6015630E-01 1.9839E-01
1.6080730E-01 1.9912E-01
1.6145840E-01 1.9950E-01
1.6210940E-01 1.9957E-01
1.6276040E-01 1.9915E-01
1.6341150E-01 1.9870E-01
1.6406250E-01 1.9876E-01
1.6471360E-01 1.9882E-01
1.6536460E-01 1.9910E-01
1.6601560E-01 1.9898E-01
1.6666670E-01 1.9906E-01
1.6731770E-01 1.9921E-01
1.6796880E-01 1.9913E-01
1.6861980E-01 1.9912E-01
1.6927090E-01 1.9903E-01
1.6992190E-01 1.9907E-01
1.7057290E-01 1.9898E-01
1.7122400E-01 1.9883E-01
1.7187500E-01 1.9868E-01
1.7252610E-01 1.9857E-01
1.7317710E-01 1.9852E-01
1.7382810E-01 1.9805E-01
1.7447920E-01 1.9787E-01
1.7513020E-01 1.9749E-01
1.7578130E-01 1.9742E-01
1.7643230E-01 1.9727E-01
1.7708340E-01 1.9684E-01
1.7773440E-01 1.9658E-01
1.7838540E-01 1.9628E-01
1.7903650E-01 1.9607E-01
1.7968750E-01 1.9592E-01
1.8033860E-01 1.9600E-01
1.8098960E-01 1.9605E-01
1.8164060E-01 1.9629E-01
1.8229170E-01 1.9687E-01
1.8294270E-01 1.9761E-01
1.8359380E-01 1.9883E-01
1.8424480E-01 2.0022E-01
1.8489590E-01 2.0163E-01
1.8554690E-01 2.0323E-01
1.8619790E-01 2.0455E-01
1.8684900E-01 2.0605E-01
1.8750000E-01 2.0727E-01
1.8815110E-01 2.0811E-01
1.8880210E-01 2.0849E-01
1.8945310E-01 2.0852E-01
1.9010420E-01 2.0847E-01
1.9075520E-01 2.0851E-01
1.9140630E-01 2.0842E-01
1.9205730E-01 2.0832E-01
1.9270840E-01 2.0827E-01
1.9335940E-01 2.0841E-01
1.9401040E-01 2.0800E-01
1.9466150E-01 2.0792E-01
1.9531250E-01 2.0759E-01
1.9596360E-01 2.0775E-01
1.9661460E-01 2.0753E-01
1.9726560E-01 2.0737E-01
1.9791670E-01 2.0731E-01
1.9856770E-01 2.0722E-01
1.9921880E-01 2.0726E-01
1.9986980E-01 2.0726E-01
2.0052090E-01 2.0721E-01
2.0117190E-01 2.0716E-01
2.0182290E-01 2.0702E-01
2.0247400E-01 2.0659E-01
2.0312500E-01 2.0567E-01
2.0377610E-01 2.0486E-01
2.0442710E-01 2.0335E-01
2.0507810E-01 2.0161E-01
2.0572920E-01 1.9943E-01
2.0638020E-01 1.9694E-01
2.0703130E-01 1.9433E-01
2.0768230E-01 1.9125E-01
2.0833340E-01 1.8842E-01
2.0898440E-01 1.8570E-01
2.0963540E-01 1.8266E-01
2.1028650E-01 1.7927E-01
2.1093750E-01 1.7585E-01
2.1158860E-01 1.7304E-01
2.1223960E-01 1.7046E-01
2.1289060E-01 1.6813E-01
2.1354170E-01 1.6633E-01
2.1419270E-01 1.6481E-01
2.1484380E-01 1.6372E-01
2.1549480E-01 1.6271E-01
2.1614590E-01 1.6217E-01
2.1679690E-01 1.6148E-01
2.1744790E-01 1.6106E-01
2.1809900E-01 1.6117E-01
2.1875000E-01 1.6160E-01
2.1940110E-01 1.6215E-01
2.2005210E-01 1.6279E-01
2.2070310E-01 1.6340E-01
2.2135420E-01 1.6409E-01
2.2200520E-01 1.6470E-01
2.2265630E-01 1.6521E-01
2.2330730E-01 1.6544E-01
2.2395840E-01 1.6587E-01
2.2460940E-01 1.6590E-01
2.2526040E-01 1.6618E-01
2.2591150E-01 1.6611E-01
2.2656250E-01 1.6629E-01
2.2721360E-01 1.6640E-01
2.2786460E-01 1.6636E-01
2.2851560E-01 1.6640E-01
2.2916670E-01 1.6636E-01
2.2981770E-01 1.6640E-01
2.3046880E-01 1.6636E-01
2.3111980E-01 1.6636E-01
2.3177090E-01 1.6626E-01
2.3242190E-01 1.6621E-01
2.3307290E-01 1.6639E-01
2.3372400E-01 1.6613E-01
2.3437500E-01 1.6601E-01
2.3502610E-01 1.6596E-01
2.3567710E-01 1.6586E-01
2.3632810E-01 1.6590E-01
2.3697920E-01 1.6586E-01
2.3763020E-01 1.6576E-01
2.3828130E-01 1.6566E-01
2.3893230E-01 1.6561E-01
2.3958340E-01 1.6542E-01
2.4023440E-01 1.6503E-01
2.4088540E-01 1.6444E-01
2.4153650E-01 1.6365E-01
2.4218750E-01 1.6257E-01
2.4283860E-01 1.6127E-01
2.4348960E-01 1.5997E-01
2.4414060E-01 1.5862E-01
2.4479170E-01 1.5707E-01
2.4544270E-01 1.5575E-01
2.4609380E-01 1.5430E-01
2.4674480E-01 1.5373E-01
2.4739590E-01 1.5355E-01
2.4804690E-01 1.5312E-01
2.4869790E-01 1.5295E-01
2.4934900E-01 1.5289E-01
2.5000000E-01 1.5280E-01
2.5065110E-01 1.5279E-01
2.5130210E-01 1.5274E-01
2.5195310E-01 1.5260E-01
2.5260420E-01 1.5254E-01
2.5325520E-01 1.5277E-01
2.5390630E-01 1.5256E-01
2.5455730E-01 1.5254E-01
2.5520840E-01 1.5249E-01
2.5585940E-01 1.5309E-01
2.5651040E-01 1.5375E-01
2.5716150E-01 1.5449E-01
2.5781250E-01 1.5571E-01
2.5846360E-01 1.5730E-01
2.5911460E-01 1.5918E-01
2.5976560E-01 1.6142E-01
2.6041670E-01 1.6405E-01
2.6106770E-01 1.6686E-01
2.6171880E-01 1.6976E-01
2.6236980E-01 1.7259E-01
2.6302090E-01 1.7512E-01
2.6367190E-01 1.7759E-01
2.6432290E-01 1.7944E-01
2.6497400E-01 1.8079E-01
2.6562500E-01 1.8195E-01
2.6627610E-01 1.8292E-01
2.6692710E-01 1.8416E-01
2.6757810E-01 1.8541E-01
2.6822920E-01 1.8690E-01
2.6888020E-01 1.8860E-01
2.6953130E-01 1.9040E-01
2.7018230E-01 1.9225E-01
2.7083340E-01 1.9397E-01
2.7148440E-01 1.9545E-01
2.7213540E-01 1.9676E-01
2.7278650E-01 1.9798E-01
2.7343750E-01 1.9904E-01
2.7408860E-01 1.9921E-01
2.7473960E-01 1.9931E-01
2.7539060E-01 1.9876E-01
2.7604170E-01 1.9835E-01
2.7669270E-01 1.9766E-01
2.7734380E-01 1.9715E-01
2.7799480E-01 1.9702E-01
2.7864590E-01 1.9692E-01
2.7929690E-01 1.9700E-01
2.7994790E-01 1.9696E-01
2.8059900E-01 1.9701E-01
2.8125000E-01 1.9710E-01
2.8190110E-01 1.9725E-01
2.8255210E-01 1.9726E-01
2.8320310E-01 1.9721E-01
2.8385420E-01 1.9763E-01
2.8450520E-01 1.9762E-01
2.8515630E-01 1.9780E-01
2.8580730E-01 1.9772E-01
2.8645840E-01 1.9767E-01
2.8710940E-01 1.9776E-01
2.8776040E-01 1.9762E-01
2.8841150E-01 1.9752E-01
2.8906250E-01 1.9742E-01
2.8971360E-01 1.9732E-01
2.9036460E-01 1.9722E-01
2.9101560E-01 1.9698E-01
2.9166670E-01 1.9673E-01
2.9231770E-01 1.9643E-01
2.9296880E-01 1.9631E-01
2.9361980E-01 1.9617E-01
2.9427090E-01 1.9606E-01
2.9492190E-01 1.9610E-01
2.9557290E-01 1.9629E-01
2.9622400E-01 1.9715E-01
2.9687500E-01 1.9791E-01
2.9752610E-01 1.9890E-01
2.9817710E-01 2.0014E-01
2.9882810E-01 2.0148E-01
2.9947920E-01 2.0289E-01
3.0013020E-01 2.0425E-01
3.0078130E-01 2.0542E-01
3.0143230E-01 2.0634E-01
3.0208340E-01 2.0687E-01
3.0273440E-01 2.0691E-01
3.0338540E-01 2.0700E-01
3.0403650E-01 2.0743E-01
3.0468750E-01 2.0746E-01
3.0533860E-01 2.0774E-01
3.0598960E-01 2.0762E-01
3.0664060E-01 2.0775E-01
3.0729170E-01 2.0795E-01
3.0794270E-01 2.0787E-01
3.0859380E-01 2.0791E-01
3.0924480E-01 2.0782E-01
3.0989590E-01 2.0781E-01
3.1054690E-01 2.0786E-01
3.1119790E-01 2.0782E-01
3.1184900E-01 2.0767E-01
3.1250000E-01 2.0757E-01
3.1315110E-01 2.0775E-01
3.1380210E-01 2.0734E-01
3.1445310E-01 2.0708E-01
3.1510420E-01 2.0659E-01
3.1575520E-01 2.0609E-01
3.1640630E-01 2.0526E-01
3.1705730E-01 2.0403E-01
3.1770840E-01 2.0245E-01
3.1835940E-01 2.0052E-01
3.1901040E-01 1.9846E-01
3.1966150E-01 1.9622E-01
3.2031250E-01 1.9363E-01
3.2096360E-01 1.9088E-01
3.2161460E-01 1.8816E-01
3.2226560E-01 1.8554E-01
3.2291670E-01 1.8297E-01
3.2356770E-01 1.7999E-01
3.2421880E-01 1.7693E-01
3.2486980E-01 1.7419E-01
3.2552090E-01 1.7204E-01
3.2617190E-01 1.6969E-01
3.2682290E-01 1.6808E-01
3.2747400E-01 1.6699E-01
3.2812500E-01 1.6584E-01
3.2877610E-01 1.6510E-01
3.2942710E-01 1.6440E-01
3.3007810E-01 1.6383E-01
3.3072920E-01 1.6361E-01
3.3138020E-01 1.6369E-01
3.3203130E-01 1.6393E-01
3.3268230E-01 1.6441E-01
3.3333340E-01 1.6505E-01
3.3398440E-01 1.6529E-01
3.3463540E-01 1.6558E-01
3.3528650E-01 1.6556E-01
3.3593750E-01 1.6597E-01
3.3658860E-01 1.6591E-01
3.3723960E-01 1.6572E-01
3.3789060E-01 1.6566E-01
3.3854170E-01 1.6561E-01
3.3919270E-01 1.6560E-01
3.3984380E-01 1.6560E-01
3.4049480E-01 1.6570E-01
3.4114590E-01 1.6580E-01
3.4179690E-01 1.6594E-01
3.4244790E-01 1.6605E-01
3.4309900E-01 1.6606E-01
3.4375000E-01 1.6638E-01
3.4440110E-01 1.6659E-01
3.4505210E-01 1.6670E-01
3.4570310E-01 1.6685E-01
3.4635420E-01 1.6691E-01
3.4700520E-01 1.6710E-01
3.4765630E-01 1.6716E-01
3.4830730E-01 1.6721E-01
3.4895840E-01 1.6726E-01
3.4960940E-01 1.6721E-01
3.5026040E-01 1.6726E-01
3.5091150E-01 1.6726E-01
3.5156250E-01 1.6717E-01
3.5221360E-01 1.6697E-01
3.5286460E-01 1.6673E-01
3.5351560E-01 1.6638E-01
3.5416670E-01 1.6556E-01
3.5481770E-01 1.6476E-01
3.5546880E-01 1.6344E-01
3.5611980E-01 1.6246E-01
3.5677090E-01 1.6113E-01
3.5742190E-01 1.5949E-01
3.5807290E-01 1.5802E-01
3.5872400E-01 1.5652E-01
3.5937500E-01 1.5510E-01
3.6002610E-01 1.5379E-01
3.6067710E-01 1.5281E-01
3.6132810E-01 1.5246E-01
3.6197920E-01 1.5234E-01
3.6263020E-01 1.5215E-01
3.6328130E-01 1.5209E-01
3.6393230E-01 1.5236E-01
3.6458340E-01 1.5239E-01
3.6523440E-01 1.5262E-01
3.6588540E-01 1.5264E-01
3.6653650E-01 1.5278E-01
3.6718750E-01 1.5302E-01
3.6783860E-01 1.5304E-01
3.6848960E-01 1.5341E-01
3.6914060E-01 1.5395E-01
3.6979170E-01 1.5465E-01
3.7044270E-01 1.5568E-01
3.7109380E-01 1.5697E-01
3.7174480E-01 1.5860E-01
3.7239590E-01 1.6044E-01
3.7304690E-01 1.6282E-01
3.7369790E-01 1.6527E-01
3.7434900E-01 1.6788E-01
3.7500000E-01 1.7058E-01
3.7565110E-01 1.7330E-01
3.7630210E-01 1.7592E-01
3.7695310E-01 1.7797E-01
3.7760420E-01 1.7965E-01
3.7825520E-01 1.8085E-01
3.7890630E-01 1.8191E-01
3.7955730E-01 1.8306E-01
3.8020840E-01 1.8426E-01
3.8085940E-01 1.8570E-01
3.8151040E-01 1.8744E-01
3.8216150E-01 1.8938E-01
3.8281250E-01 1.9134E-01
3.8346360E-01 1.9335E-01
3.8411460E-01 1.9545E-01
3.8476560E-01 1.9709E-01
3.8541670E-01 1.9875E-01
3.8606770E-01 1.9994E-01
3.8671880E-01 2.0091E-01
3.8736980E-01 2.0154E-01
3.8802090E-01 2.0149E-01
3.8867190E-01 2.0130E-01
3.8932290E-01 2.0072E-01
3.8997400E-01 2.0021E-01
3.9062500E-01 2.0013E-01
3.9127610E-01 2.0003E-01
3.9192710E-01 1.9988E-01
3.9257810E-01 1.9987E-01
3.9322920E-01 2.0001E-01
3.9388020E-01 1.9961E-01
3.9453130E-01 1.9953E-01
3.9518230E-01 1.9915E-01
3.9583340E-01 1.9912E-01
3.9648440E-01 1.9903E-01
3.9713540E-01 1.9874E-01
3.9778650E-01 1.9853E-01
3.9843750E-01 1.9842E-01
3.9908860E-01 1.9832E-01
3.9973960E-01 1.9827E-01
4.0039060E-01 1.9817E-01
4.0104170E-01 1.9817E-01
4.0169270E-01 1.9817E-01
4.0234380E-01 1.9821E-01
4.0299480E-01 1.9812E-01
4.0364590E-01 1.9826E-01
4.0429690E-01 1.9827E-01
4.0494790E-01 1.9817E-01
4.0559900E-01 1.9826E-01
4.0625000E-01 1.9799E-01
4.0690110E-01 1.9810E-01
4.0755210E-01 1.9835E-01
4.0820310E-01 1.9841E-01
4.0885420E-01 1.9884E-01
4.0950520E-01 1.9957E-01
4.1015630E-01 2.0046E-01
4.1080730E-01 2.0151E-01
4.1145840E-01 2.0275E-01
4.1210940E-01 2.0396E-01
4.1276040E-01 2.0521E-01
4.1341150E-01 2.0656E-01
4.1406250E-01 2.0717E-01
4.1471360E-01 2.0777E-01
4.1536460E-01 2.0772E-01
4.1601560E-01 2.0785E-01
4.1666670E-01 2.0772E-01
4.1731770E-01 2.0753E-01
4.1796880E-01 2.0742E-01
4.1861980E-01 2.0732E-01
4.1927090E-01 2.0745E-01
4.1992190E-01 2.0746E-01
4.2057290E-01 2.0742E-01
4.2122400E-01 2.0760E-01
4.2187500E-01 2.0775E-01
4.2252610E-01 2.0786E-01
4.2317710E-01 2.0782E-01
4.2382810E-01 2.0819E-01
4.2447920E-01 2.0836E-01
4.2513020E-01 2.0855E-01
4.2578130E-01 2.0857E-01
4.2643230E-01 2.0857E-01
4.2708340E-01 2.0871E-01
4.2773440E-01 2.0858E-01
4.2838540E-01 2.0843E-01
4.2903650E-01 2.0809E-01
4.2968750E-01 2.0746E-01
4.3033860E-01 2.0657E-01
4.3098960E-01 2.0520E-01
4.3164060E-01 2.0351E-01
4.3229170E-01 2.0153E-01
4.3294270E-01 1.9942E-01
4.3359380E-01 1.9680E-01
4.3424480E-01 1.9390E-01
4.3489590E-01 1.9090E-01
4.3554690E-01 1.8788E-01
4.3619790E-01 1.8547E-01
4.3684900E-01 1.8213E-01
4.3750000E-01 1.7848E-01
4.3815110E-01 1.7546E-01
4.3880210E-01 1.7283E-01
4.3945310E-01 1.7035E-01
4.4010420E-01 1.6845E-01
4.4075520E-01 1.6701E-01
4.4140630E-01 1.6593E-01
4.4205730E-01 1.6511E-01
4.4270840E-01 1.6440E-01
4.4335940E-01 1.6365E-01
4.4401040E-01 1.6373E-01
4.4466150E-01 1.6384E-01
4.4531250E-01 1.6440E-01
4.4596360E-01 1.6477E-01
4.4661460E-01 1.6526E-01
4.4726560E-01 1.6577E-01
4.4791670E-01 1.6580E-01
4.4856770E-01 1.6585E-01
4.4921880E-01 1.6590E-01
4.4986980E-01 1.6586E-01
4.5052090E-01 1.6590E-01
4.5117190E-01 1.6581E-01
4.5182290E-01 1.6571E-01
4.5247400E-01 1.6566E-01
4.5312500E-01 1.6575E-01
4.5377610E-01 1.6557E-01
4.5442710E-01 1.6532E-01
4.5507810E-01 1.6521E-01
4.5572920E-01 1.6497E-01
4.5638020E-01 1.6495E-01
4.5703130E-01 1.6486E-01
4.5768230E-01 1.6471E-01
4.5833340E-01 1.6460E-01
4.5898440E-01 1.6469E-01
4.5963540E-01 1.6474E-01
4.6028650E-01 1.6480E-01
4.6093750E-01 1.6489E-01
4.6158860E-01 1.6509E-01
4.6223960E-01 1.6533E-01
4.6289060E-01 1.6540E-01
4.6354170E-01 1.6563E-01
4.6419270E-01 1.6593E-01
4.6484380E-01 1.6600E-01
4.6549480E-01 1.6614E-01
4.6614590E-01 1.6583E-01
4.6679690E-01 1.6548E-01
4.6744790E-01 1.6503E-01
4.6809900E-01 1.6411E-01
4.6875000E-01 1.6293E-01
4.6940110E-01 1.6153E-01
4.7005210E-01 1.6008E-01
4.7070310E-01 1.5862E-01
4.7135420E-01 1.5693E-01
4.7200520E-01 1.5522E-01
4.7265630E-01 1.5370E-01
4.7330730E-01 1.5299E-01
4.7395840E-01 1.5238E-01
4.7460940E-01 1.5187E-01
4.7526040E-01 1.5141E-01
4.7591150E-01 1.5133E-01
4.7656250E-01 1.5119E-01
4.7721360E-01 1.5095E-01
4.7786460E-01 1.5084E-01
4.7851560E-01 1.5074E-01
4.7916670E-01 1.5087E-01
4.7981770E-01 1.5097E-01
4.8046880E-01 1.5112E-01
4.8111980E-01 1.5132E-01
4.8177090E-01 1.5180E-01
4.8242190E-01 1.5253E-01
4.8307290E-01 1.5333E-01
4.8372400E-01 1.5470E-01
4.8437500E-01 1.5629E-01
4.8502610E-01 1.5813E-01
4.8567710E-01 1.6032E-01
4.8632810E-01 1.6262E-01
4.8697920E-01 1.6545E-01
4.8763020E-01 1.6831E-01
4.8828130E-01 1.7113E-01
4.8893230E-01 1.7390E-01
4.8958340E-01 1.7633E-01
4.9023440E-01 1.7842E-01
4.9088540E-01 1.8001E-01
4.9153650E-01 1.8120E-01
4.9218750E-01 1.8207E-01
4.9283860E-01 1.8321E-01
4.9348960E-01 1.8455E-01
4.9414060E-01 1.8553E-01
4.9479170E-01 1.8714E-01
4.9544270E-01 1.8861E-01
4.9609380E-01 1.9063E-01
4.9674480E-01 1.9236E-01
4.9739590E-01 1.9384E-01
4.9804690E-01 1.9539E-01
4.9869790E-01 1.9671E-01
4.9934900E-01 1.9797E-01
5.0000000E-01 1.9886E-01
5.0065110E-01 1.9934E-01
5.0130210E-01 1.9951E-01
5.0195310E-01 1.9934E-01
5.0260420E-01 1.9895E-01
5.0325520E-01 1.9869E-01
5.0390630E-01 1.9904E-01
5.0455730E-01 1.9912E-01
5.0520840E-01 1.9931E-01
5.0585940E-01 1.9932E-01
5.0651040E-01 1.9937E-01
5.0716150E-01 1.9951E-01
5.0781250E-01 1.9952E-01
5.0846360E-01 1.9948E-01
5.0911460E-01 1.9943E-01
5.0976560E-01 1.9933E-01
5.1041670E-01 1.9927E-01
5.1106770E-01 1.9922E-01
5.1171880E-01 1.9903E-01
5.1236980E-01 1.9883E-01
5.1302090E-01 1.9877E-01
5.1367190E-01 1.9854E-01
5.1432290E-01 1.9824E-01
5.1497400E-01 1.9798E-01
5.1562500E-01 1.9759E-01
5.1627610E-01 1.9756E-01
5.1692710E-01 1.9719E-01
5.1757810E-01 1.9683E-01
5.1822920E-01 1.9653E-01
5.1888020E-01 1.9632E-01
5.1953130E-01 1.9626E-01
5.2018230E-01 1.9635E-01
5.2083340E-01 1.9645E-01
5.2148440E-01 1.9683E-01
5.2213540E-01 1.9751E-01
5.2278650E-01 1.9836E-01
5.2343750E-01 1.9940E-01
5.2408860E-01 2.0101E-01
5.2473960E-01 2.0248E-01
5.2539060E-01 2.0413E-01
5.2604170E-01 2.0532E-01
5.2669270E-01 2.0675E-01
5.2734380E-01 2.0784E-01
5.2799480E-01 2.0847E-01
5.2864590E-01 2.0866E-01
5.2929690E-01 2.0862E-01
5.2994790E-01 2.0857E-01
5.3059900E-01 2.0861E-01
5.3125000E-01 2.0857E-01
5.3190110E-01 2.0843E-01
5.3255210E-01 2.0842E-01
5.3320310E-01 2.0860E-01
5.3385420E-01 2.0824E-01
5.3450520E-01 2.0808E-01
5.3515630E-01 2.0788E-01
5.3580730E-01 2.0777E-01
5.3645840E-01 2.0772E-01
5.3710940E-01 2.0757E-01
5.3776040E-01 2.0742E-01
5.3841150E-01 2.0727E-01
5.3906250E-01 2.0735E-01
5.3971360E-01 2.0736E-01
5.4036460E-01 2.0727E-01
5.4101560E-01 2.0717E-01
5.4166670E-01 2.0693E-01
5.4231770E-01 2.0640E-01
5.4296880E-01 2.0542E-01
5.4361980E-01 2.0428E-01
5.4427090E-01 2.0280E-01
5.4492190E-01 2.0082E-01
5.4557290E-01 1.9886E-01
5.4622400E-01 1.9620E-01
5.4687500E-01 1.9344E-01
5.4752610E-01 1.9058E-01
5.4817710E-01 1.8767E-01
5.4882810E-01 1.8508E-01
5.4947920E-01 1.8177E-01
5.5013020E-01 1.7831E-01
5.5078130E-01 1.7527E-01
5.5143230E-01 1.7253E-01
5.5208340E-01 1.7000E-01
5.5273440E-01 1.6787E-01
5.5338540E-01 1.6641E-01
5.5403650E-01 1.6495E-01
5.5468750E-01 1.6396E-01
5.5533860E-01 1.6296E-01
5.5598960E-01 1.6238E-01
5.5664060E-01 1.6182E-01
5.5729170E-01 1.6164E-01
5.5794270E-01 1.6182E-01
5.5859380E-01 1.6230E-01
5.5924480E-01 1.6285E-01
5.5989590E-01 1.6350E-01
5.6054690E-01 1.6406E-01
5.6119790E-01 1.6461E-01
5.6184900E-01 1.6507E-01
5.6250000E-01 1.6538E-01
5.6315110E-01 1.6545E-01
5.6380210E-01 1.6578E-01
5.6445310E-01 1.6590E-01
5.6510420E-01 1.6604E-01
5.6575520E-01 1.6619E-01
5.6640630E-01 1.6625E-01
5.6705730E-01 1.6640E-01
5.6770840E-01 1.6641E-01
5.6835940E-01 1.6641E-01
5.6901040E-01 1.6645E-01
5.6966150E-01 1.6641E-01
5.7031250E-01 1.6636E-01
5.7096360E-01 1.6636E-01
5.7161460E-01 1.6636E-01
5.7226560E-01 1.6626E-01
5.7291670E-01 1.6630E-01
5.7356770E-01 1.6635E-01
5.7421880E-01 1.6608E-01
5.7486980E-01 1.6615E-01
5.7552090E-01 1.6578E-01
5.7617190E-01 1.6599E-01
5.7682290E-01 1.6591E-01
5.7747400E-01 1.6572E-01
5.7812500E-01 1.6566E-01
5.7877610E-01 1.6542E-01
5.7942710E-01 1.6517E-01
5.8007810E-01 1.6464E-01
5.8072920E-01 1.6390E-01
5.8138020E-01 1.6305E-01
5.8203130E-01 1.6201E-01
5.8268230E-01 1.6072E-01
5.8333340E-01 1.5937E-01
5.8398440E-01 1.5820E-01
5.8463540E-01 1.5667E-01
5.8528650E-01 1.5535E-01
5.8593750E-01 1.5409E-01
5.8658860E-01 1.5353E-01
5.8723960E-01 1.5345E-01
5.8789060E-01 1.5312E-01
5.8854170E-01 1.5295E-01
5.8919270E-01 1.5289E-01
5.8984380E-01 1.5280E-01
5.9049480E-01 1.5279E-01
5.9114590E-01 1.5270E-01
5.9179690E-01 1.5259E-01
5.9244790E-01 1.5263E-01
5.9309900E-01 1.5273E-01
5.9375000E-01 1.5255E-01
5.9440110E-01 1.5254E-01
5.9505210E-01 1.5286E-01
5.9570310E-01 1.5317E-01
5.9635420E-01 1.5403E-01
5.9700520E-01 1.5498E-01
5.9765630E-01 1.5626E-01
5.9830730E-01 1.5794E-01
5.9895840E-01 1.5988E-01
5.9960940E-01 1.6231E-01
6.0026040E-01 1.6505E-01
6.0091150E-01 1.6791E-01
6.0156250E-01 1.7073E-01
6.0221360E-01 1.7354E-01
6.0286460E-01 1.7594E-01
6.0351560E-01 1.7797E-01
6.0416670E-01 1.7984E-01
6.0481770E-01 1.8100E-01
6.0546880E-01 1.8225E-01
6.0611980E-01 1.8313E-01
6.0677090E-01 1.8436E-01
6.0742190E-01 1.8575E-01
6.0807290E-01 1.8730E-01
6.0872400E-01 1.8904E-01
6.0937500E-01 1.9085E-01
6.1002610E-01 1.9266E-01
6.1067710E-01 1.9428E-01
6.1132810E-01 1.9570E-01
6.1197920E-01 1.9692E-01
6.1263020E-01 1.9808E-01
6.1328130E-01 1.9910E-01
6.1393230E-01 1.9912E-01
6.1458340E-01 1.9903E-01
6.1523440E-01 1.9846E-01
6.1588540E-01 1.9786E-01
6.1653650E-01 1.9711E-01
6.1718750E-01 1.9683E-01
6.1783860E-01 1.9667E-01
6.1848960E-01 1.9661E-01
6.1914060E-01 1.9665E-01
6.1979170E-01 1.9656E-01
6.2044270E-01 1.9665E-01
6.2109380E-01 1.9670E-01
6.2174480E-01 1.9680E-01
6.2239590E-01 1.9686E-01
6.2304690E-01 1.9686E-01
6.2369790E-01 1.9705E-01
6.2434900E-01 1.9725E-01
6.2500000E-01 1.9726E-01
6.2565110E-01 1.9740E-01
6.2630210E-01 1.9718E-01
6.2695310E-01 1.9725E-01
6.2760420E-01 1.9731E-01
6.2825520E-01 1.9712E-01
6.2890630E-01 1.9706E-01
6.2955730E-01 1.9697E-01
6.3020840E-01 1.9682E-01
6.3085940E-01 1.9662E-01
6.3151040E-01 1.9642E-01
6.3216150E-01 1.9608E-01
6.3281250E-01 1.9596E-01
6.3346360E-01 1.9619E-01
6.3411460E-01 1.9588E-01
6.3476560E-01 1.9609E-01
6.3541670E-01 1.9629E-01
6.3606770E-01 1.9715E-01
6.3671880E-01 1.9800E-01
6.3736980E-01 1.9895E-01
6.3802090E-01 2.0019E-01
6.3867190E-01 2.0144E-01
6.3932290E-01 2.0274E-01
6.3997400E-01 2.0410E-01
6.4062500E-01 2.0517E-01
6.4127610E-01 2.0595E-01
6.4192710E-01 2.0628E-01
6.4257810E-01 2.0645E-01
6.4322920E-01 2.0636E-01
6.4388020E-01 2.0682E-01
6.4453130E-01 2.0691E-01
6.4518230E-01 2.0710E-01
6.4583340E-01 2.0720E-01
6.4648440E-01 2.0726E-01
6.4713540E-01 2.0735E-01
6.4778650E-01 2.0741E-01
6.4843750E-01 2.0746E-01
6.4908860E-01 2.0742E-01
6.4973960E-01 2.0737E-01
6.5039060E-01 2.0741E-01
6.5104170E-01 2.0737E-01
6.5169270E-01 2.0727E-01
6.5234380E-01 2.0717E-01
6.5299480E-01 2.0721E-01
6.5364590E-01 2.0707E-01
6.5429690E-01 2.0669E-01
6.5494790E-01 2.0642E-01
6.5559900E-01 2.0566E-01
6.5625000E-01 2.0518E-01
6.5690110E-01 2.0403E-01
6.5755210E-01 2.0255E-01
6.5820310E-01 2.0080E-01
6.5885420E-01 1.9886E-01
6.5950520E-01 1.9671E-01
6.6015630E-01 1.9427E-01
6.6080730E-01 1.9172E-01
6.6145840E-01 1.8901E-01
6.6210940E-01 1.8658E-01
6.6276040E-01 1.8431E-01
6.6341150E-01 1.8130E-01
6.6406250E-01 1.7852E-01
6.6471360E-01 1.7584E-01
6.6536460E-01 1.7369E-01
6.6601560E-01 1.7135E-01
6.6666670E-01 1.6978E-01
6.6731770E-01 1.6869E-01
6.6796880E-01 1.6759E-01
6.6861980E-01 1.6672E-01
6.6927090E-01 1.6596E-01
6.6992190E-01 1.6534E-01
6.7057290E-01 1.6502E-01
6.7122400E-01 1.6505E-01
6.7187500E-01 1.6538E-01
6.7252610E-01 1.6577E-01
6.7317710E-01 1.6641E-01
6.7382810E-01 1.6655E-01
6.7447920E-01 1.6665E-01
6.7513020E-01 1.6670E-01
6.7578130E-01 1.6652E-01
6.7643230E-01 1.6655E-01
6.7708340E-01 1.6637E-01
6.7773440E-01 1.6626E-01
6.7838540E-01 1.6616E-01
6.7903650E-01 1.6616E-01
6.7968750E-01 1.6625E-01
6.8033860E-01 1.6621E-01
6.8098960E-01 1.6630E-01
6.8164060E-01 1.6640E-01
6.8229170E-01 1.6659E-01
6.8294270E-01 1.6661E-01
6.8359380E-01 1.6684E-01
6.8424480E-01 1.6709E-01
6.8489590E-01 1.6716E-01
6.8554690E-01 1.6749E-01
6.8619790E-01 1.6747E-01
6.8684900E-01 1.6756E-01
6.8750000E-01 1.6770E-01
6.8815110E-01 1.6776E-01
6.8880210E-01 1.6781E-01
6.8945310E-01 1.6781E-01
6.9010420E-01 1.6786E-01
6.9075520E-01 1.6782E-01
6.9140630E-01 1.6772E-01
6.9205730E-01 1.6748E-01
6.9270840E-01 1.6718E-01
6.9335940E-01 1.6688E-01
6.9401040E-01 1.6593E-01
6.9466150E-01 1.6511E-01
6.9531250E-01 1.6374E-01
6.9596360E-01 1.6252E-01
6.9661460E-01 1.6108E-01
6.9726560E-01 1.5949E-01
6.9791670E-01 1.5788E-01
6.9856770E-01 1.5627E-01
6.9921880E-01 1.5490E-01
6.9986980E-01 1.5354E-01
7.0052090E-01 1.5274E-01
7.0117190E-01 1.5250E-01
7.0182290E-01 1.5221E-01
7.0247400E-01 1.5209E-01
7.0312500E-01 1.5204E-01
7.0377610E-01 1.5227E-01
7.0442710E-01 1.5243E-01
7.0507810E-01 1.5248E-01
7.0572920E-01 1.5272E-01
7.0638020E-01 1.5274E-01
7.0703130E-01 1.5292E-01
7.0768230E-01 1.5308E-01
7.0833340E-01 1.5342E-01
7.0898440E-01 1.5405E-01
7.0963540E-01 1.5475E-01
7.1028650E-01 1.5587E-01
7.1093750E-01 1.5721E-01
7.1158860E-01 1.5894E-01
7.1223960E-01 1.6084E-01
7.1289060E-01 1.6326E-01
7.1354170E-01 1.6605E-01
7.1419270E-01 1.6859E-01
7.1484380E-01 1.7147E-01
7.1549480E-01 1.7392E-01
7.1614590E-01 1.7666E-01
7.1679690E-01 1.7868E-01
7.1744790E-01 1.8022E-01
7.1809900E-01 1.8145E-01
7.1875000E-01 1.8242E-01
7.1940110E-01 1.8365E-01
7.2005210E-01 1.8496E-01
7.2070310E-01 1.8645E-01
7.2135420E-01 1.8828E-01
7.2200520E-01 1.9028E-01
7.2265630E-01 1.9229E-01
7.2330730E-01 1.9412E-01
7.2395840E-01 1.9625E-01
7.2460940E-01 1.9785E-01
7.2526040E-01 1.9941E-01
7.2591150E-01 2.0055E-01
7.2656250E-01 2.0128E-01
7.2721360E-01 2.0170E-01
7.2786460E-01 2.0169E-01
7.2851560E-01 2.0126E-01
7.2916670E-01 2.0076E-01
7.2981770E-01 2.0036E-01
7.3046880E-01 2.0033E-01
7.3111980E-01 2.0023E-01
7.3177090E-01 2.0018E-01
7.3242190E-01 2.0004E-01
7.3307290E-01 2.0007E-01
7.3372400E-01 1.9994E-01
7.3437500E-01 1.9974E-01
7.3502610E-01 1.9954E-01
7.3567710E-01 1.9915E-01
7.3632810E-01 1.9926E-01
7.3697920E-01 1.9899E-01
7.3763020E-01 1.9878E-01
7.3828130E-01 1.9863E-01
7.3893230E-01 1.9843E-01
7.3958340E-01 1.9837E-01
7.4023440E-01 1.9837E-01
7.4088540E-01 1.9827E-01
7.4153650E-01 1.9827E-01
7.4218750E-01 1.9831E-01
7.4283860E-01 1.9827E-01
7.4348960E-01 1.9813E-01
7.4414060E-01 1.9835E-01
7.4479170E-01 1.9813E-01
7.4544270E-01 1.9821E-01
7.4609380E-01 1.9803E-01
7.4674480E-01 1.9820E-01
7.4739590E-01 1.9845E-01
7.4804690E-01 1.9861E-01
7.4869790E-01 1.9922E-01
7.4934900E-01 2.0006E-01
7.5000000E-01 2.0101E-01
7.5065110E-01 2.0220E-01
7.5130210E-01 2.0341E-01
7.5195310E-01 2.0470E-01
7.5260420E-01 2.0587E-01
7.5325520E-01 2.0721E-01
7.5390630E-01 2.0778E-01
7.5455730E-01 2.0809E-01
7.5520840E-01 2.0802E-01
7.5585940E-01 2.0783E-01
7.5651040E-01 2.0781E-01
7.5716150E-01 2.0772E-01
7.5781250E-01 2.0753E-01
7.5846360E-01 2.0737E-01
7.5911460E-01 2.0745E-01
7.5976560E-01 2.0756E-01
7.6041670E-01 2.0752E-01
7.6106770E-01 2.0761E-01
7.6171880E-01 2.0775E-01
7.6236980E-01 2.0786E-01
7.6302090E-01 2.0791E-01
7.6367190E-01 2.0810E-01
7.6432290E-01 2.0840E-01
7.6497400E-01 2.0846E-01
7.6562500E-01 2.0875E-01
7.6627610E-01 2.0863E-01
7.6692710E-01 2.0866E-01
7.6757810E-01 2.0862E-01
7.6822920E-01 2.0824E-01
7.6888020E-01 2.0780E-01
7.6953130E-01 2.0683E-01
7.7018230E-01 2.0569E-01
7.7083340E-01 2.0406E-01
7.7148440E-01 2.0213E-01
7.7213540E-01 1.9989E-01
7.7278650E-01 1.9739E-01
7.7343750E-01 1.9479E-01
7.7408860E-01 1.9147E-01
7.7473960E-01 1.8862E-01
7.7539060E-01 1.8571E-01
7.7604170E-01 1.8266E-01
7.7669270E-01 1.7908E-01
7.7734380E-01 1.7569E-01
7.7799480E-01 1.7293E-01
7.7864590E-01 1.7031E-01
7.7929690E-01 1.6817E-01
7.7994790E-01 1.6657E-01
7.8059900E-01 1.6534E-01
7.8125000E-01 1.6446E-01
7.8190110E-01 1.6379E-01
7.8255210E-01 1.6323E-01
7.8320310E-01 1.6272E-01
7.8385420E-01 1.6297E-01
7.8450520E-01 1.6336E-01
7.8515630E-01 1.6390E-01
7.8580730E-01 1.6460E-01
7.8645840E-01 1.6502E-01
7.8710940E-01 1.6556E-01
7.8776040E-01 1.6584E-01
7.8841150E-01 1.6595E-01
7.8906250E-01 1.6600E-01
7.8971360E-01 1.6600E-01
7.9036460E-01 1.6600E-01
7.9101560E-01 1.6596E-01
7.9166670E-01 1.6591E-01
7.9231770E-01 1.6581E-01
7.9296880E-01 1.6580E-01
7.9361980E-01 1.6585E-01
7.9427090E-01 1.6548E-01
7.9492190E-01 1.6545E-01
7.9557290E-01 1.6508E-01
7.9622400E-01 1.6519E-01
7.9687500E-01 1.6506E-01
7.9752610E-01 1.6491E-01
7.9817710E-01 1.6481E-01
7.9882810E-01 1.6475E-01
7.9947920E-01 1.6484E-01
8.0013020E-01 1.6490E-01
8.0078130E-01 1.6495E-01
8.0143230E-01 1.6509E-01
8.0208340E-01 1.6529E-01
8.0273440E-01 1.6544E-01
8.0338540E-01 1.6541E-01
8.0403650E-01 1.6587E-01
8.0468750E-01 1.6586E-01
8.0533860E-01 1.6595E-01
8.0598960E-01 1.6586E-01
8.0664060E-01 1.6562E-01
8.0729170E-01 1.6532E-01
8.0794270E-01 1.6470E-01
8.0859380E-01 1.6386E-01
8.0924480E-01 1.6291E-01
8.0989590E-01 1.6181E-01
8.1054690E-01 1.6061E-01
8.1119790E-01 1.5931E-01
8.1184900E-01 1.5801E-01
8.1250000E-01 1.5670E-01
8.1315110E-01 1.5554E-01
8.1380210E-01 1.5438E-01
8.1445310E-01 1.5350E-01
8.1510420E-01 1.5312E-01
8.1575520E-01 1.5272E-01
8.1640630E-01 1.5273E-01
8.1705730E-01 1.5255E-01
8.1770840E-01 1.5235E-01
8.1835940E-01 1.5229E-01
8.1901040E-01 1.5247E-01
8.1966150E-01 1.5272E-01
8.2031250E-01 1.5292E-01
8.2096360E-01 1.5327E-01
8.2161460E-01 1.5390E-01
8.2226560E-01 1.5488E-01
8.2291670E-01 1.5593E-01
8.2356770E-01 1.5726E-01
8.2421880E-01 1.5927E-01
8.2486980E-01 1.6129E-01
8.2552090E-01 1.6376E-01
8.2617190E-01 1.6623E-01
8.2682290E-01 1.6920E-01
8.2747400E-01 1.7213E-01
8.2812500E-01 1.7476E-01
8.2877610E-01 1.7733E-01
8.2942710E-01 1.7938E-01
8.3007810E-01 1.8097E-01
8.3072920E-01 1.8211E-01
8.3138020E-01 1.8275E-01
8.3203130E-01 1.8339E-01
8.3268230E-01 1.8423E-01
8.3333340E-01 1.8542E-01
8.3398440E-01 1.8634E-01
8.3463540E-01 1.8771E-01
8.3528650E-01 1.8917E-01
8.3593750E-01 1.9100E-01
8.3658860E-01 1.9286E-01
8.3723960E-01 1.9453E-01
8.3789060E-01 1.9609E-01
8.3854170E-01 1.9756E-01
8.3919270E-01 1.9892E-01
8.3984380E-01 1.9991E-01
8.4049480E-01 2.0039E-01
8.4114590E-01 2.0066E-01
8.4179690E-01 2.0044E-01
8.4244790E-01 2.0005E-01
8.4309900E-01 1.9988E-01
8.4375000E-01 2.0006E-01
8.4440110E-01 2.0026E-01
8.4505210E-01 2.0037E-01
8.4570310E-01 2.0066E-01
8.4635420E-01 2.0049E-01
8.4700520E-01 2.0062E-01
8.4765630E-01 2.0072E-01
8.4830730E-01 2.0064E-01
8.4895840E-01 2.0058E-01
8.4960940E-01 2.0058E-01
8.5026040E-01 2.0044E-01
8.5091150E-01 2.0033E-01
8.5156250E-01 2.0019E-01
8.5221360E-01 1.9999E-01
8.5286460E-01 1.9974E-01
8.5351560E-01 1.9982E-01
8.5416670E-01 1.9926E-01
8.5481770E-01 1.9908E-01
8.5546880E-01 1.9860E-01
8.5611980E-01 1.9852E-01
8.5677090E-01 1.9819E-01
8.5742190E-01 1.9775E-01
8.5807290E-01 1.9734E-01
8.5872400E-01 1.9698E-01
8.5937500E-01 1.9677E-01
8.6002610E-01 1.9681E-01
8.6067710E-01 1.9686E-01
8.6132810E-01 1.9719E-01
8.6197920E-01 1.9786E-01
8.6263020E-01 1.9880E-01
8.6328130E-01 1.9985E-01
8.6393230E-01 2.0146E-01
8.6458340E-01 2.0289E-01
8.6523440E-01 2.0430E-01
8.6588540E-01 2.0570E-01
8.6653650E-01 2.0683E-01
8.6718750E-01 2.0775E-01
8.6783860E-01 2.0819E-01
8.6848960E-01 2.0826E-01
8.6914060E-01 2.0827E-01
8.6979170E-01 2.0822E-01
8.7044270E-01 2.0822E-01
8.7109380E-01 2.0817E-01
8.7174480E-01 2.0812E-01
8.7239590E-01 2.0798E-01
8.7304690E-01 2.0801E-01
8.7369790E-01 2.0806E-01
8.7434900E-01 2.0769E-01
8.7500000E-01 2.0762E-01
8.7565110E-01 2.0729E-01
8.7630210E-01 2.0740E-01
8.7695310E-01 2.0723E-01
8.7760420E-01 2.0702E-01
8.7825520E-01 2.0692E-01
8.7890630E-01 2.0691E-01
8.7955730E-01 2.0691E-01
8.8020840E-01 2.0686E-01
8.8085940E-01 2.0667E-01
8.8151040E-01 2.0642E-01
8.8216150E-01 2.0589E-01
8.8281250E-01 2.0497E-01
8.8346360E-01 2.0359E-01
8.8411460E-01 2.0228E-01
8.8476560E-01 2.0032E-01
8.8541670E-01 1.9836E-01
8.8606770E-01 1.9565E-01
8.8671880E-01 1.9289E-01
8.8736980E-01 1.9008E-01
8.8802090E-01 1.8722E-01
8.8867190E-01 1.8454E-01
8.8932290E-01 1.8132E-01
8.8997400E-01 1.7782E-01
8.9062500E-01 1.7476E-01
8.9127610E-01 1.7212E-01
8.9192710E-01 1.6965E-01
8.9257810E-01 1.6751E-01
8.9322920E-01 1.6610E-01
8.9388020E-01 1.6479E-01
8.9453130E-01 1.6372E-01
8.9518230E-01 1.6290E-01
8.9583340E-01 1.6205E-01
8.9648440E-01 1.6166E-01
8.9713540E-01 1.6149E-01
8.9778650E-01 1.6172E-01
8.9843750E-01 1.6211E-01
8.9908860E-01 1.6265E-01
8.9973960E-01 1.6329E-01
9.0039060E-01 1.6381E-01
9.0104170E-01 1.6426E-01
9.0169270E-01 1.6467E-01
9.0234380E-01 1.6502E-01
9.0299480E-01 1.6510E-01
9.0364590E-01 1.6524E-01
9.0429690E-01 1.6558E-01
9.0494790E-01 1.6560E-01
9.0559900E-01 1.6588E-01
9.0625000E-01 1.6581E-01
9.0690110E-01 1.6599E-01
9.0755210E-01 1.6610E-01
9.0820310E-01 1.6606E-01
9.0885420E-01 1.6606E-01
9.0950520E-01 1.6601E-01
9.1015630E-01 1.6610E-01
9.1080730E-01 1.6611E-01
9.1145840E-01 1.6601E-01
9.1210940E-01 1.6600E-01
9.1276040E-01 1.6596E-01
9.1341150E-01 1.6605E-01
9.1406250E-01 1.6587E-01
9.1471360E-01 1.6585E-01
9.1536460E-01 1.6567E-01
9.1601560E-01 1.6570E-01
9.1666670E-01 1.6575E-01
9.1731770E-01 1.6561E-01
9.1796880E-01 1.6537E-01
9.1861980E-01 1.6512E-01
9.1927090E-01 1.6482E-01
9.1992190E-01 1.6433E-01
9.2057290E-01 1.6364E-01
9.2122400E-01 1.6266E-01
9.2187500E-01 1.6142E-01
9.2252610E-01 1.6012E-01
9.2317710E-01 1.5877E-01
9.2382810E-01 1.5746E-01
9.2447920E-01 1.5601E-01
9.2513020E-01 1.5455E-01
9.2578130E-01 1.5379E-01
9.2643230E-01 1.5337E-01
9.2708340E-01 1.5315E-01
9.2773440E-01 1.5295E-01
9.2838540E-01 1.5280E-01
9.2903650E-01 1.5279E-01
9.2968750E-01 1.5274E-01
9.3033860E-01 1.5274E-01
9.3098960E-01 1.5265E-01
9.3164060E-01 1.5254E-01
9.3229170E-01 1.5254E-01
9.3294270E-01 1.5263E-01
9.3359380E-01 1.5278E-01
9.3424480E-01 1.5260E-01
9.3489590E-01 1.5305E-01
9.3554690E-01 1.5342E-01
9.3619790E-01 1.5437E-01
9.3684900E-01 1.5533E-01
9.3750000E-01 1.5671E-01
9.3815110E-01 1.5839E-01
9.3880210E-01 1.6034E-01
9.3945310E-01 1.6281E-01
9.4010420E-01 1.6555E-01
9.4075520E-01 1.6827E-01
9.4140630E-01 1.7113E-01
9.4205730E-01 1.7376E-01
9.4270840E-01 1.7609E-01
9.4335940E-01 1.7793E-01
9.4401040E-01 1.7965E-01
9.4466150E-01 1.8075E-01
9.4531250E-01 1.8185E-01
9.4596360E-01 1.8291E-01
9.4661460E-01 1.8411E-01
9.4726560E-01 1.8555E-01
9.4791670E-01 1.8715E-01
9.4856770E-01 1.8880E-01
9.4921880E-01 1.9060E-01
9.4986980E-01 1.9241E-01
9.5052090E-01 1.9403E-01
9.5117190E-01 1.9545E-01
9.5182290E-01 1.9672E-01
9.5247400E-01 1.9769E-01
9.5312500E-01 1.9846E-01
9.5377610E-01 1.9875E-01
9.5442710E-01 1.9844E-01
9.5507810E-01 1.9800E-01
9.5572920E-01 1.9703E-01
9.5638020E-01 1.9659E-01
9.5703130E-01 1.9623E-01
9.5768230E-01 1.9602E-01
9.5833340E-01 1.9596E-01
9.5898440E-01 1.9595E-01
9.5963540E-01 1.9591E-01
9.6028650E-01 1.9595E-01
9.6093750E-01 1.9600E-01
9.6158860E-01 1.9605E-01
9.6223960E-01 1.9619E-01
9.6289060E-01 1.9625E-01
9.6354170E-01 1.9616E-01
9.6419270E-01 1.9653E-01
9.6484380E-01 1.9656E-01
9.6549480E-01 1.9670E-01
9.6614590E-01 1.9648E-01
9.6679690E-01 1.9655E-01
9.6744790E-01 1.9660E-01
9.6809900E-01 1.9647E-01
9.6875000E-01 1.9641E-01
9.6940110E-01 1.9627E-01
9.7005210E-01 1.9616E-01
9.7070310E-01 1.9602E-01
9.7135420E-01 1.9582E-01
9.7200520E-01 1.9562E-01
9.7265630E-01 1.9542E-01
9.7330730E-01 1.9573E-01
9.7395840E-01 1.9561E-01
9.7460940E-01 1.9570E-01
9.7526040E-01 1.9608E-01
9.7591150E-01 1.9671E-01
9.7656250E-01 1.9769E-01
9.7721360E-01 1.9865E-01
9.7786460E-01 1.9979E-01
9.7851560E-01 2.0104E-01
9.7916670E-01 2.0244E-01
9.7981770E-01 2.0370E-01
9.8046880E-01 2.0477E-01
9.8111980E-01 2.0550E-01
9.8177090E-01 2.0593E-01
9.8242190E-01 2.0609E-01
9.8307290E-01 2.0611E-01
9.8372400E-01 2.0625E-01
9.8437500E-01 2.0658E-01
9.8502610E-01 2.0661E-01
9.8567710E-01 2.0693E-01
9.8632810E-01 2.0687E-01
9.8697920E-01 2.0700E-01
9.8763020E-01 2.0706E-01
9.8828130E-01 2.0701E-01
9.8893230E-01 2.0706E-01
9.8958340E-01 2.0701E-01
9.9023440E-01 2.0706E-01
9.9088540E-01 2.0706E-01
9.9153650E-01 2.0692E-01
9.9218750E-01 2.0686E-01
9.9283860E-01 2.0677E-01
9.9348960E-01 2.0694E-01
9.9414060E-01 2.0640E-01
9.9479170E-01 2.0612E-01
9.9544270E-01 2.0545E-01
9.9609380E-01 2.0484E-01
9.9674480E-01 2.0377E-01
9.9739590E-01 2.0229E-01
9.9804690E-01 2.0055E-01
9.9869790E-01 1.9861E-01
9.9934900E-01 1.9651E-01
1.0000000E+00 1.9412E-01
1.0006511E+00 1.9152E-01
1.0013021E+00 1.8891E-01
1.0019531E+00 1.8662E-01
1.0026042E+00 1.8445E-01
1.0032552E+00 1.8154E-01
1.0039063E+00 1.7877E-01
1.0045573E+00 1.7638E-01
1.0052084E+00 1.7420E-01
1.0058594E+00 1.7232E-01
1.0065104E+00 1.7065E-01
1.0071615E+00 1.6959E-01
1.0078125E+00 1.6868E-01
1.0084636E+00 1.6783E-01
1.0091146E+00 1.6706E-01
1.0097656E+00 1.6650E-01
1.0104167E+00 1.6627E-01
1.0110677E+00 1.6635E-01
1.0117188E+00 1.6664E-01
1.0123698E+00 1.6703E-01
1.0130209E+00 1.6753E-01
1.0136719E+00 1.6794E-01
1.0143229E+00 1.6787E-01
1.0149740E+00 1.6796E-01
1.0156250E+00 1.6768E-01
1.0162761E+00 1.6776E-01
1.0169271E+00 1.6762E-01
1.0175781E+00 1.6743E-01
1.0182292E+00 1.6737E-01
1.0188802E+00 1.6727E-01
1.0195313E+00 1.6740E-01
1.0201823E+00 1.6737E-01
1.0208334E+00 1.6741E-01
1.0214844E+00 1.6755E-01
1.0221354E+00 1.6766E-01
1.0227865E+00 1.6780E-01
1.0234375E+00 1.6781E-01
1.0240886E+00 1.6819E-01
1.0247396E+00 1.6826E-01
1.0253906E+00 1.6850E-01
1.0260417E+00 1.6856E-01
1.0266927E+00 1.6861E-01
1.0273438E+00 1.6880E-01
1.0279948E+00 1.6887E-01
1.0286459E+00 1.6882E-01
1.0292969E+00 1.6887E-01
1.0299479E+00 1.6887E-01
1.0305990E+00 1.6887E-01
1.0312500E+00 1.6873E-01
1.0319011E+00 1.6867E-01
1.0325521E+00 1.6843E-01
1.0332031E+00 1.6828E-01
1.0338542E+00 1.6789E-01
1.0345052E+00 1.6721E-01
1.0351563E+00 1.6641E-01
1.0358073E+00 1.6538E-01
1.0364584E+00 1.6456E-01
1.0371094E+00 1.6333E-01
1.0377604E+00 1.6208E-01
1.0384115E+00 1.6087E-01
1.0390625E+00 1.5975E-01
1.0397136E+00 1.5869E-01
1.0403646E+00 1.5787E-01
1.0410156E+00 1.5711E-01
1.0416667E+00 1.5669E-01
1.0423177E+00 1.5661E-01
1.0429688E+00 1.5661E-01
1.0436198E+00 1.5661E-01
1.0442709E+00 1.5693E-01
1.0449219E+00 1.5701E-01
1.0455729E+00 1.5734E-01
1.0462240E+00 1.5727E-01
1.0468750E+00 1.5740E-01
1.0475261E+00 1.5760E-01
1.0481771E+00 1.5785E-01
1.0488281E+00 1.5828E-01
1.0494792E+00 1.5869E-01
1.0501302E+00 1.5942E-01
1.0507813E+00 1.6054E-01
1.0514323E+00 1.6179E-01
1.0520834E+00 1.6333E-01
1.0527344E+00 1.6517E-01
1.0533854E+00 1.6749E-01
1.0540365E+00 1.6962E-01
1.0546875E+00 1.7197E-01
1.0553386E+00 1.7414E-01
1.0559896E+00 1.7616E-01
1.0566406E+00 1.7789E-01
1.0572917E+00 1.7909E-01
1.0579427E+00 1.7982E-01
1.0585938E+00 1.8048E-01
1.0592448E+00 1.8118E-01
1.0598959E+00 1.8212E-01
1.0605469E+00 1.8316E-01
1.0611979E+00 1.8441E-01
1.0618490E+00 1.8590E-01
1.0625000E+00 1.8759E-01
1.0631511E+00 1.8925E-01
1.0638021E+00 1.9105E-01
1.0644531E+00 1.9281E-01
1.0651042E+00 1.9429E-01
1.0657552E+00 1.9584E-01
1.0664063E+00 1.9675E-01
1.0670573E+00 1.9751E-01
1.0677084E+00 1.9794E-01
1.0683594E+00 1.9773E-01
1.0690104E+00 1.9720E-01
1.0696615E+00 1.9646E-01
1.0703125E+00 1.9603E-01
1.0709636E+00 1.9596E-01
1.0716146E+00 1.9591E-01
1.0722656E+00 1.9581E-01
1.0729167E+00 1.9566E-01
1.0735677E+00 1.9584E-01
1.0742188E+00 1.9543E-01
1.0748698E+00 1.9531E-01
1.0755209E+00 1.9488E-01
1.0761719E+00 1.9494E-01
1.0768229E+00 1.9476E-01
1.0774740E+00 1.9447E-01
1.0781250E+00 1.9435E-01
1.0787761E+00 1.9421E-01
1.0794271E+00 1.9406E-01
1.0800781E+00 1.9404E-01
1.0807292E+00 1.9400E-01
1.0813802E+00 1.9399E-01
1.0820313E+00 1.9404E-01
1.0826823E+00 1.9400E-01
1.0833334E+00 1.9385E-01
1.0839844E+00 1.9408E-01
1.0846354E+00 1.9405E-01
1.0852865E+00 1.9395E-01
1.0859375E+00 1.9404E-01
1.0865886E+00 1.9414E-01
1.0872396E+00 1.9443E-01
1.0878906E+00 1.9477E-01
1.0885417E+00 1.9545E-01
1.0891927E+00 1.9634E-01
1.0898438E+00 1.9739E-01
1.0904948E+00 1.9867E-01
1.0911459E+00 2.0007E-01
1.0917969E+00 2.0148E-01
1.0924479E+00 2.0280E-01
1.0930990E+00 2.0415E-01
1.0937500E+00 2.0532E-01
1.0944011E+00 2.0568E-01
1.0950521E+00 2.0589E-01
1.0957031E+00 2.0553E-01
1.0963542E+00 2.0564E-01
1.0970052E+00 2.0551E-01
1.0976563E+00 2.0532E-01
1.0983073E+00 2.0516E-01
1.0989584E+00 2.0515E-01
1.0996094E+00 2.0524E-01
1.1002604E+00 2.0530E-01
1.1009115E+00 2.0535E-01
1.1015625E+00 2.0540E-01
1.1022136E+00 2.0559E-01
1.1028646E+00 2.0560E-01
1.1035156E+00 2.0560E-01
1.1041667E+00 2.0607E-01
1.1048177E+00 2.0615E-01
1.1054688E+00 2.0634E-01
1.1061198E+00 2.0622E-01
1.1067709E+00 2.0621E-01
1.1074219E+00 2.0621E-01
1.1080729E+00 2.0569E-01
1.1087240E+00 2.0500E-01
1.1093750E+00 2.0392E-01
1.1100261E+00 2.0244E-01
1.1106771E+00 2.0061E-01
1.1113281E+00 1.9847E-01
1.1119792E+00 1.9612E-01
1.1126302E+00 1.9334E-01
1.1132813E+00 1.9058E-01
1.1139323E+00 1.8749E-01
1.1145834E+00 1.8456E-01
1.1152344E+00 1.8197E-01
1.1158854E+00 1.7866E-01
1.1165365E+00 1.7548E-01
1.1171875E+00 1.7250E-01
1.1178386E+00 1.7005E-01
1.1184896E+00 1.6778E-01
1.1191406E+00 1.6598E-01
1.1197917E+00 1.6473E-01
1.1204427E+00 1.6390E-01
1.1210938E+00 1.6314E-01
1.1217448E+00 1.6267E-01
1.1223959E+00 1.6240E-01
1.1230469E+00 1.6220E-01
1.1236979E+00 1.6233E-01
1.1243490E+00 1.6308E-01
1.1250000E+00 1.6342E-01
1.1256511E+00 1.6414E-01
1.1263021E+00 1.6471E-01
1.1269531E+00 1.6549E-01
1.1276042E+00 1.6625E-01
1.1282552E+00 1.6696E-01
1.1289063E+00 1.6771E-01
1.1295573E+00 1.6823E-01
1.1302084E+00 1.6855E-01
1.1308594E+00 1.6871E-01
1.1315104E+00 1.6867E-01
1.1321615E+00 1.6857E-01
1.1328125E+00 1.6852E-01
1.1334636E+00 1.6866E-01
1.1341146E+00 1.6834E-01
1.1347656E+00 1.6822E-01
1.1354167E+00 1.6803E-01
1.1360677E+00 1.6787E-01
1.1367188E+00 1.6786E-01
1.1373698E+00 1.6768E-01
1.1380209E+00 1.6757E-01
1.1386719E+00 1.6756E-01
1.1393229E+00 1.6766E-01
1.1399740E+00 1.6771E-01
1.1406250E+00 1.6781E-01
1.1412761E+00 1.6805E-01
1.1419271E+00 1.6816E-01
1.1425781E+00 1.6835E-01
1.1432292E+00 1.6851E-01
1.1438802E+00 1.6875E-01
1.1445313E+00 1.6896E-01
1.1451823E+00 1.6888E-01
1.1458334E+00 1.6878E-01
1.1464844E+00 1.6816E-01
1.1471354E+00 1.6760E-01
1.1477865E+00 1.6672E-01
1.1484375E+00 1.6554E-01
1.1490886E+00 1.6419E-01
1.1497396E+00 1.6274E-01
1.1503906E+00 1.6124E-01
1.1510417E+00 1.5959E-01
1.1516927E+00 1.5798E-01
1.1523438E+00 1.5633E-01
1.1529948E+00 1.5527E-01
1.1536459E+00 1.5497E-01
1.1542969E+00 1.5425E-01
1.1549479E+00 1.5387E-01
1.1555990E+00 1.5352E-01
1.1562500E+00 1.5340E-01
1.1569011E+00 1.5325E-01
1.1575521E+00 1.5310E-01
1.1582031E+00 1.5290E-01
1.1588542E+00 1.5289E-01
1.1595052E+00 1.5303E-01
1.1601563E+00 1.5309E-01
1.1608073E+00 1.5318E-01
1.1614584E+00 1.5356E-01
1.1621094E+00 1.5425E-01
1.1627604E+00 1.5495E-01
1.1634115E+00 1.5593E-01
1.1640625E+00 1.5745E-01
1.1647136E+00 1.5915E-01
1.1653646E+00 1.6100E-01
1.1660156E+00 1.6328E-01
1.1666667E+00 1.6563E-01
1.1673177E+00 1.6846E-01
1.1679688E+00 1.7109E-01
1.1686198E+00 1.7371E-01
1.1692709E+00 1.7618E-01
1.1699219E+00 1.7813E-01
1.1705729E+00 1.7980E-01
1.1712240E+00 1.8090E-01
1.1718750E+00 1.8168E-01
1.1725261E+00 1.8248E-01
1.1731771E+00 1.8347E-01
1.1738281E+00 1.8452E-01
1.1744792E+00 1.8553E-01
1.1751302E+00 1.8696E-01
1.1757813E+00 1.8827E-01
1.1764323E+00 1.9005E-01
1.1770834E+00 1.9148E-01
1.1777344E+00 1.9280E-01
1.1783854E+00 1.9406E-01
1.1790365E+00 1.9526E-01
1.1796875E+00 1.9624E-01
1.1803386E+00 1.9682E-01
1.1809896E+00 1.9709E-01
1.1816406E+00 1.9706E-01
1.1822917E+00 1.9673E-01
1.1829427E+00 1.9615E-01
1.1835938E+00 1.9541E-01
1.1842448E+00 1.9540E-01
1.1848959E+00 1.9540E-01
1.1855469E+00 1.9573E-01
1.1861979E+00 1.9561E-01
1.1868490E+00 1.9565E-01
1.1875000E+00 1.9584E-01
1.1881511E+00 1.9576E-01
1.1888021E+00 1.9575E-01
1.1894531E+00 1.9571E-01
1.1901042E+00 1.9561E-01
1.1907552E+00 1.9551E-01
1.1914063E+00 1.9546E-01
1.1920573E+00 1.9527E-01
1.1927084E+00 1.9511E-01
1.1933594E+00 1.9510E-01
1.1940104E+00 1.9482E-01
1.1946615E+00 1.9452E-01
1.1953125E+00 1.9431E-01
1.1959636E+00 1.9402E-01
1.1966146E+00 1.9390E-01
1.1972656E+00 1.9361E-01
1.1979167E+00 1.9331E-01
1.1985677E+00 1.9306E-01
1.1992188E+00 1.9295E-01
1.1998698E+00 1.9308E-01
1.2005209E+00 1.9323E-01
1.2011719E+00 1.9352E-01
1.2018229E+00 1.9415E-01
1.2024740E+00 1.9504E-01
1.2031250E+00 1.9599E-01
1.2037761E+00 1.9727E-01
1.2044271E+00 1.9885E-01
1.2050781E+00 2.0032E-01
1.2057292E+00 2.0206E-01
1.2063802E+00 2.0330E-01
1.2070313E+00 2.0465E-01
1.2076823E+00 2.0573E-01
1.2083334E+00 2.0627E-01
1.2089844E+00 2.0645E-01
1.2096354E+00 2.0641E-01
1.2102865E+00 2.0645E-01
1.2109375E+00 2.0641E-01
1.2115886E+00 2.0631E-01
1.2122396E+00 2.0626E-01
1.2128906E+00 2.0621E-01
1.2135417E+00 2.0639E-01
1.2141927E+00 2.0603E-01
1.2148438E+00 2.0591E-01
1.2154948E+00 2.0562E-01
1.2161459E+00 2.0560E-01
1.2167969E+00 2.0551E-01
1.2174479E+00 2.0532E-01
1.2180990E+00 2.0521E-01
1.2187500E+00 2.0511E-01
1.2194011E+00 2.0515E-01
1.2200521E+00 2.0510E-01
1.2207031E+00 2.0510E-01
1.2213542E+00 2.0501E-01
1.2220052E+00 2.0467E-01
1.2226563E+00 2.0423E-01
1.2233073E+00 2.0331E-01
1.2239584E+00 2.0231E-01
1.2246094E+00 2.0088E-01
1.2252604E+00 1.9905E-01
1.2259115E+00 1.9710E-01
1.2265625E+00 1.9463E-01
1.2272136E+00 1.9216E-01
1.2278646E+00 1.8937E-01
1.2285156E+00 1.8679E-01
1.2291667E+00 1.8446E-01
1.2298177E+00 1.8168E-01
1.2304688E+00 1.7850E-01
1.2311198E+00 1.7575E-01
1.2317709E+00 1.7341E-01
1.2324219E+00 1.7110E-01
1.2330729E+00 1.6930E-01
1.2337240E+00 1.6814E-01
1.2343750E+00 1.6681E-01
1.2350261E+00 1.6596E-01
1.2356771E+00 1.6492E-01
1.2363281E+00 1.6443E-01
1.2369792E+00 1.6398E-01
1.2376302E+00 1.6385E-01
1.2382813E+00 1.6412E-01
1.2389323E+00 1.6447E-01
1.2395834E+00 1.6515E-01
1.2402344E+00 1.6571E-01
1.2408854E+00 1.6627E-01
1.2415365E+00 1.6696E-01
1.2421875E+00 1.6748E-01
1.2428386E+00 1.6789E-01
1.2434896E+00 1.6796E-01
1.2441406E+00 1.6834E-01
1.2447917E+00 1.6846E-01
1.2454427E+00 1.6865E-01
1.2460938E+00 1.6876E-01
1.2467448E+00 1.6882E-01
1.2473959E+00 1.6891E-01
1.2480469E+00 1.6892E-01
1.2486979E+00 1.6897E-01
1.2493490E+00 1.6897E-01
1.2500000E+00 1.6892E-01
1.2506511E+00 1.6901E-01
1.2513021E+00 1.6888E-01
1.2519531E+00 1.6887E-01
1.2526042E+00 1.6882E-01
1.2532552E+00 1.6882E-01
1.2539063E+00 1.6877E-01
1.2545573E+00 1.6863E-01
1.2552084E+00 1.6857E-01
1.2558594E+00 1.6824E-01
1.2565104E+00 1.6840E-01
1.2571615E+00 1.6818E-01
1.2578125E+00 1.6803E-01
1.2584636E+00 1.6787E-01
1.2591146E+00 1.6772E-01
1.2597656E+00 1.6743E-01
1.2604167E+00 1.6709E-01
1.2610677E+00 1.6650E-01
1.2617188E+00 1.6580E-01
1.2623698E+00 1.6491E-01
1.2630209E+00 1.6387E-01
1.2636719E+00 1.6267E-01
1.2643229E+00 1.6156E-01
1.2649740E+00 1.6022E-01
1.2656250E+00 1.5905E-01
1.2662761E+00 1.5757E-01
1.2669271E+00 1.5648E-01
1.2675781E+00 1.5566E-01
1.2682292E+00 1.5514E-01
1.2688802E+00 1.5496E-01
1.2695313E+00 1.5458E-01
1.2701823E+00 1.5445E-01
1.2708334E+00 1.5445E-01
1.2714844E+00 1.5431E-01
1.2721354E+00 1.5425E-01
1.2727865E+00 1.5425E-01
1.2734375E+00 1.5443E-01
1.2740886E+00 1.5421E-01
1.2747396E+00 1.5429E-01
1.2753906E+00 1.5462E-01
1.2760417E+00 1.5511E-01
1.2766927E+00 1.5594E-01
1.2773438E+00 1.5698E-01
1.2779948E+00 1.5837E-01
1.2786459E+00 1.6015E-01
1.2792969E+00 1.6228E-01
1.2799479E+00 1.6482E-01
1.2805990E+00 1.6747E-01
1.2812500E+00 1.7037E-01
1.2819011E+00 1.7324E-01
1.2825521E+00 1.7591E-01
1.2832031E+00 1.7806E-01
1.2838542E+00 1.7999E-01
1.2845052E+00 1.8148E-01
1.2851563E+00 1.8242E-01
1.2858073E+00 1.8356E-01
1.2864584E+00 1.8439E-01
1.2871094E+00 1.8566E-01
1.2877604E+00 1.8715E-01
1.2884115E+00 1.8857E-01
1.2890625E+00 1.9030E-01
1.2897136E+00 1.9211E-01
1.2903646E+00 1.9387E-01
1.2910156E+00 1.9549E-01
1.2916667E+00 1.9691E-01
1.2923177E+00 1.9818E-01
1.2929688E+00 1.9915E-01
1.2936198E+00 1.9997E-01
1.2942709E+00 1.9993E-01
1.2949219E+00 1.9974E-01
1.2955729E+00 1.9898E-01
1.2962240E+00 1.9836E-01
1.2968750E+00 1.9766E-01
1.2975261E+00 1.9738E-01
1.2981771E+00 1.9722E-01
1.2988281E+00 1.9716E-01
1.2994792E+00 1.9721E-01
1.3001302E+00 1.9721E-01
1.3007813E+00 1.9726E-01
1.3014323E+00 1.9735E-01
1.3020834E+00 1.9741E-01
1.3027344E+00 1.9746E-01
1.3033854E+00 1.9742E-01
1.3040365E+00 1.9764E-01
1.3046875E+00 1.9780E-01
1.3053386E+00 1.9786E-01
1.3059896E+00 1.9786E-01
1.3066406E+00 1.9777E-01
1.3072917E+00 1.9781E-01
1.3079427E+00 1.9777E-01
1.3085938E+00 1.9762E-01
1.3092448E+00 1.9757E-01
1.3098959E+00 1.9738E-01
1.3105469E+00 1.9722E-01
1.3111979E+00 1.9702E-01
1.3118490E+00 1.9668E-01
1.3125000E+00 1.9642E-01
1.3131511E+00 1.9641E-01
1.3138021E+00 1.9650E-01
1.3144531E+00 1.9618E-01
1.3151042E+00 1.9648E-01
1.3157552E+00 1.9679E-01
1.3164063E+00 1.9769E-01
1.3170573E+00 1.9870E-01
1.3177084E+00 1.9970E-01
1.3183594E+00 2.0089E-01
1.3190104E+00 2.0215E-01
1.3196615E+00 2.0350E-01
1.3203125E+00 2.0462E-01
1.3209636E+00 2.0554E-01
1.3216146E+00 2.0612E-01
1.3222656E+00 2.0630E-01
1.3229167E+00 2.0635E-01
1.3235677E+00 2.0640E-01
1.3242188E+00 2.0683E-01
1.3248698E+00 2.0686E-01
1.3255209E+00 2.0719E-01
1.3261719E+00 2.0716E-01
1.3268229E+00 2.0721E-01
1.3274740E+00 2.0735E-01
1.3281250E+00 2.0736E-01
1.3287761E+00 2.0736E-01
1.3294271E+00 2.0736E-01
1.3300781E+00 2.0736E-01
1.3307292E+00 2.0736E-01
1.3313802E+00 2.0727E-01
1.3320313E+00 2.0726E-01
1.3326823E+00 2.0712E-01
1.3333334E+00 2.0716E-01
1.3339844E+00 2.0702E-01
1.3346354E+00 2.0659E-01
1.3352865E+00 2.0614E-01
1.3359375E+00 2.0541E-01
1.3365886E+00 2.0470E-01
1.3372396E+00 2.0339E-01
1.3378906E+00 2.0175E-01
1.3385417E+00 1.9991E-01
1.3391927E+00 1.9786E-01
1.3398438E+00 1.9561E-01
1.3404948E+00 1.9317E-01
1.3411459E+00 1.9038E-01
1.3417969E+00 1.8784E-01
1.3424479E+00 1.8552E-01
1.3430990E+00 1.8297E-01
1.3437500E+00 1.7976E-01
1.3444011E+00 1.7710E-01
1.3450521E+00 1.7467E-01
1.3457031E+00 1.7263E-01
1.3463542E+00 1.7044E-01
1.3470052E+00 1.6911E-01
1.3476563E+00 1.6813E-01
1.3483073E+00 1.6713E-01
1.3489584E+00 1.6636E-01
1.3496094E+00 1.6565E-01
1.3502604E+00 1.6518E-01
1.3509115E+00 1.6510E-01
1.3515625E+00 1.6529E-01
1.3522136E+00 1.6558E-01
1.3528646E+00 1.6602E-01
1.3535156E+00 1.6661E-01
1.3541667E+00 1.6675E-01
1.3548177E+00 1.6699E-01
1.3554688E+00 1.6696E-01
1.3561198E+00 1.6691E-01
1.3567709E+00 1.6691E-01
1.3574219E+00 1.6677E-01
1.3580729E+00 1.6657E-01
1.3587240E+00 1.6656E-01
1.3593750E+00 1.6656E-01
1.3600261E+00 1.6660E-01
1.3606771E+00 1.6665E-01
1.3613281E+00 1.6670E-01
1.3619792E+00 1.6680E-01
1.3626302E+00 1.6695E-01
1.3632813E+00 1.6705E-01
1.3639323E+00 1.6725E-01
1.3645834E+00 1.6745E-01
1.3652344E+00 1.6756E-01
1.3658854E+00 1.6784E-01
1.3665365E+00 1.6782E-01
1.3671875E+00 1.6795E-01
1.3678386E+00 1.6810E-01
1.3684896E+00 1.6807E-01
1.3691406E+00 1.6811E-01
1.3697917E+00 1.6807E-01
1.3704427E+00 1.6816E-01
1.3710938E+00 1.6812E-01
1.3717448E+00 1.6802E-01
1.3723959E+00 1.6778E-01
1.3730469E+00 1.6753E-01
1.3736979E+00 1.6737E-01
1.3743490E+00 1.6662E-01
1.3750000E+00 1.6586E-01
1.3756511E+00 1.6468E-01
1.3763021E+00 1.6380E-01
1.3769531E+00 1.6253E-01
1.3776042E+00 1.6108E-01
1.3782552E+00 1.5972E-01
1.3789063E+00 1.5836E-01
1.3795573E+00 1.5705E-01
1.3802084E+00 1.5589E-01
1.3808594E+00 1.5482E-01
1.3815104E+00 1.5414E-01
1.3821615E+00 1.5396E-01
1.3828125E+00 1.5394E-01
1.3834636E+00 1.5385E-01
1.3841146E+00 1.5422E-01
1.3847656E+00 1.5429E-01
1.3854167E+00 1.5439E-01
1.3860677E+00 1.5477E-01
1.3867188E+00 1.5494E-01
1.3873698E+00 1.5523E-01
1.3880209E+00 1.5562E-01
1.3886719E+00 1.5626E-01
1.3893229E+00 1.5701E-01
1.3899740E+00 1.5795E-01
1.3906250E+00 1.5927E-01
1.3912761E+00 1.6096E-01
1.3919271E+00 1.6285E-01
1.3925781E+00 1.6499E-01
1.3932292E+00 1.6762E-01
1.3938802E+00 1.7038E-01
1.3945313E+00 1.7291E-01
1.3951823E+00 1.7547E-01
1.3958334E+00 1.7752E-01
1.3964844E+00 1.7962E-01
1.3971354E+00 1.8094E-01
1.3977865E+00 1.8168E-01
1.3984375E+00 1.8225E-01
1.3990886E+00 1.8289E-01
1.3997396E+00 1.8387E-01
1.4003906E+00 1.8488E-01
1.4010417E+00 1.8626E-01
1.4016927E+00 1.8776E-01
1.4023438E+00 1.8959E-01
1.4029948E+00 1.9159E-01
1.4036459E+00 1.9351E-01
1.4042969E+00 1.9574E-01
1.4049479E+00 1.9749E-01
1.4055990E+00 1.9934E-01
1.4062500E+00 2.0054E-01
1.4069011E+00 2.0161E-01
1.4075521E+00 2.0229E-01
1.4082031E+00 2.0229E-01
1.4088542E+00 2.0187E-01
1.4095052E+00 2.0141E-01
1.4101563E+00 2.0124E-01
1.4108073E+00 2.0114E-01
1.4114584E+00 2.0108E-01
1.4121094E+00 2.0103E-01
1.4127604E+00 2.0094E-01
1.4134115E+00 2.0102E-01
1.4140625E+00 2.0080E-01
1.4147136E+00 2.0055E-01
1.4153646E+00 2.0039E-01
1.4160156E+00 2.0010E-01
1.4166667E+00 2.0003E-01
1.4173177E+00 1.9979E-01
1.4179688E+00 1.9963E-01
1.4186198E+00 1.9934E-01
1.4192709E+00 1.9918E-01
1.4199219E+00 1.9912E-01
1.4205729E+00 1.9907E-01
1.4212240E+00 1.9893E-01
1.4218750E+00 1.9887E-01
1.4225261E+00 1.9892E-01
1.4231771E+00 1.9878E-01
1.4238281E+00 1.9863E-01
1.4244792E+00 1.9866E-01
1.4251302E+00 1.9829E-01
1.4257813E+00 1.9827E-01
1.4264323E+00 1.9799E-01
1.4270834E+00 1.9792E-01
1.4277344E+00 1.9805E-01
1.4283854E+00 1.9825E-01
1.4290365E+00 1.9887E-01
1.4296875E+00 1.9976E-01
1.4303386E+00 2.0090E-01
1.4309896E+00 2.0210E-01
1.4316406E+00 2.0321E-01
1.4322917E+00 2.0436E-01
1.4329427E+00 2.0543E-01
1.4335938E+00 2.0648E-01
1.4342448E+00 2.0670E-01
1.4348959E+00 2.0671E-01
1.4355469E+00 2.0648E-01
1.4361979E+00 2.0646E-01
1.4368490E+00 2.0632E-01
1.4375000E+00 2.0617E-01
1.4381511E+00 2.0602E-01
1.4388021E+00 2.0596E-01
1.4394531E+00 2.0600E-01
1.4401042E+00 2.0610E-01
1.4407552E+00 2.0611E-01
1.4414063E+00 2.0620E-01
1.4420573E+00 2.0630E-01
1.4427084E+00 2.0640E-01
1.4433594E+00 2.0645E-01
1.4440104E+00 2.0674E-01
1.4446615E+00 2.0690E-01
1.4453125E+00 2.0700E-01
1.4459636E+00 2.0724E-01
1.4466146E+00 2.0712E-01
1.4472656E+00 2.0716E-01
1.4479167E+00 2.0697E-01
1.4485677E+00 2.0654E-01
1.4492188E+00 2.0590E-01
1.4498698E+00 2.0473E-01
1.4505209E+00 2.0334E-01
1.4511719E+00 2.0161E-01
1.4518229E+00 1.9952E-01
1.4524740E+00 1.9713E-01
1.4531250E+00 1.9449E-01
1.4537761E+00 1.9182E-01
1.4544271E+00 1.8851E-01
1.4550781E+00 1.8570E-01
1.4557292E+00 1.8270E-01
1.4563802E+00 1.7950E-01
1.4570313E+00 1.7591E-01
1.4576823E+00 1.7290E-01
1.4583334E+00 1.7026E-01
1.4589844E+00 1.6784E-01
1.4596354E+00 1.6603E-01
1.4602865E+00 1.6474E-01
1.4609375E+00 1.6367E-01
1.4615886E+00 1.6294E-01
1.4622396E+00 1.6242E-01
1.4628906E+00 1.6187E-01
1.4635417E+00 1.6160E-01
1.4641927E+00 1.6210E-01
1.4648438E+00 1.6256E-01
1.4654948E+00 1.6319E-01
1.4661459E+00 1.6385E-01
1.4667969E+00 1.6441E-01
1.4674479E+00 1.6501E-01
1.4680990E+00 1.6556E-01
1.4687500E+00 1.6584E-01
1.4694011E+00 1.6599E-01
1.4700521E+00 1.6605E-01
1.4707031E+00 1.6601E-01
1.4713542E+00 1.6596E-01
1.4720052E+00 1.6591E-01
1.4726563E+00 1.6586E-01
1.4733073E+00 1.6581E-01
1.4739584E+00 1.6576E-01
1.4746094E+00 1.6557E-01
1.4752604E+00 1.6546E-01
1.4759115E+00 1.6513E-01
1.4765625E+00 1.6519E-01
1.4772136E+00 1.6511E-01
1.4778646E+00 1.6487E-01
1.4785156E+00 1.6485E-01
1.4791667E+00 1.6485E-01
1.4798177E+00 1.6490E-01
1.4804688E+00 1.6495E-01
1.4811198E+00 1.6509E-01
1.4817709E+00 1.6519E-01
1.4824219E+00 1.6548E-01
1.4830729E+00 1.6560E-01
1.4837240E+00 1.6565E-01
1.4843750E+00 1.6603E-01
1.4850261E+00 1.6606E-01
1.4856771E+00 1.6615E-01
1.4863281E+00 1.6583E-01
1.4869792E+00 1.6552E-01
1.4876302E+00 1.6504E-01
1.4882813E+00 1.6421E-01
1.4889323E+00 1.6335E-01
1.4895834E+00 1.6227E-01
1.4902344E+00 1.6102E-01
1.4908854E+00 1.5976E-01
1.4915365E+00 1.5841E-01
1.4921875E+00 1.5696E-01
1.4928386E+00 1.5560E-01
1.4934896E+00 1.5452E-01
1.4941406E+00 1.5347E-01
1.4947917E+00 1.5297E-01
1.4954427E+00 1.5275E-01
1.4960938E+00 1.5241E-01
1.4967448E+00 1.5234E-01
1.4973959E+00 1.5220E-01
1.4980469E+00 1.5191E-01
1.4986979E+00 1.5184E-01
1.4993490E+00 1.5202E-01
1.5000000E+00 1.5222E-01
1.5006511E+00 1.5233E-01
1.5013021E+00 1.5266E-01
1.5019531E+00 1.5334E-01
1.5026042E+00 1.5418E-01
1.5032552E+00 1.5513E-01
1.5039063E+00 1.5646E-01
1.5045573E+00 1.5828E-01
1.5052084E+00 1.6014E-01
1.5058594E+00 1.6256E-01
1.5065104E+00 1.6498E-01
1.5071615E+00 1.6776E-01
1.5078125E+00 1.7067E-01
1.5084636E+00 1.7330E-01
1.5091146E+00 1.7578E-01
1.5097656E+00 1.7787E-01
1.5104167E+00 1.7960E-01
1.5110677E+00 1.8080E-01
1.5117188E+00 1.8153E-01
1.5123698E+00 1.8224E-01
1.5130209E+00 1.8303E-01
1.5136719E+00 1.8421E-01
1.5143229E+00 1.8509E-01
1.5149740E+00 1.8636E-01
1.5156250E+00 1.8767E-01
1.5162761E+00 1.8949E-01
1.5169271E+00 1.9121E-01
1.5175781E+00 1.9273E-01
1.5182292E+00 1.9419E-01
1.5188802E+00 1.9560E-01
1.5195313E+00 1.9678E-01
1.5201823E+00 1.9779E-01
1.5208334E+00 1.9833E-01
1.5214844E+00 1.9846E-01
1.5221354E+00 1.9823E-01
1.5227865E+00 1.9780E-01
1.5234375E+00 1.9720E-01
1.5240886E+00 1.9730E-01
1.5247396E+00 1.9745E-01
1.5253906E+00 1.9756E-01
1.5260417E+00 1.9775E-01
1.5266927E+00 1.9767E-01
1.5273438E+00 1.9780E-01
1.5279948E+00 1.9786E-01
1.5286459E+00 1.9782E-01
1.5292969E+00 1.9781E-01
1.5299479E+00 1.9772E-01
1.5305990E+00 1.9767E-01
1.5312500E+00 1.9757E-01
1.5319011E+00 1.9747E-01
1.5325521E+00 1.9723E-01
1.5332031E+00 1.9712E-01
1.5338542E+00 1.9706E-01
1.5345052E+00 1.9664E-01
1.5351563E+00 1.9647E-01
1.5358073E+00 1.9604E-01
1.5364584E+00 1.9600E-01
1.5371094E+00 1.9577E-01
1.5377604E+00 1.9543E-01
1.5384115E+00 1.9508E-01
1.5390625E+00 1.9486E-01
1.5397136E+00 1.9485E-01
1.5403646E+00 1.9494E-01
1.5410156E+00 1.9509E-01
1.5416667E+00 1.9538E-01
1.5423177E+00 1.9601E-01
1.5429688E+00 1.9680E-01
1.5436198E+00 1.9770E-01
1.5442709E+00 1.9916E-01
1.5449219E+00 2.0044E-01
1.5455729E+00 2.0193E-01
1.5462240E+00 2.0325E-01
1.5468750E+00 2.0446E-01
1.5475261E+00 2.0567E-01
1.5481771E+00 2.0636E-01
1.5488281E+00 2.0659E-01
1.5494792E+00 2.0656E-01
1.5501302E+00 2.0660E-01
1.5507813E+00 2.0656E-01
1.5514323E+00 2.0651E-01
1.5520834E+00 2.0651E-01
1.5527344E+00 2.0637E-01
1.5533854E+00 2.0645E-01
1.5540365E+00 2.0636E-01
1.5546875E+00 2.0608E-01
1.5553386E+00 2.0601E-01
1.5559896E+00 2.0572E-01
1.5566406E+00 2.0580E-01
1.5572917E+00 2.0562E-01
1.5579427E+00 2.0542E-01
1.5585938E+00 2.0540E-01
1.5592448E+00 2.0536E-01
1.5598959E+00 2.0535E-01
1.5605469E+00 2.0544E-01
1.5611979E+00 2.0541E-01
1.5618490E+00 2.0540E-01
1.5625000E+00 2.0540E-01
1.5631511E+00 2.0517E-01
1.5638021E+00 2.0468E-01
1.5644531E+00 2.0423E-01
1.5651042E+00 2.0308E-01
1.5657552E+00 2.0192E-01
1.5664063E+00 2.0006E-01
1.5670573E+00 1.9829E-01
1.5677084E+00 1.9625E-01
1.5683594E+00 1.9377E-01
1.5690104E+00 1.9135E-01
1.5696615E+00 1.8904E-01
1.5703125E+00 1.8686E-01
1.5709636E+00 1.8442E-01
1.5716146E+00 1.8154E-01
1.5722656E+00 1.7895E-01
1.5729167E+00 1.7681E-01
1.5735677E+00 1.7489E-01
1.5742188E+00 1.7302E-01
1.5748698E+00 1.7177E-01
1.5755209E+00 1.7052E-01
1.5761719E+00 1.6935E-01
1.5768229E+00 1.6852E-01
1.5774740E+00 1.6777E-01
1.5781250E+00 1.6734E-01
1.5787761E+00 1.6740E-01
1.5794271E+00 1.6783E-01
1.5800781E+00 1.6833E-01
1.5807292E+00 1.6865E-01
1.5813802E+00 1.6895E-01
1.5820313E+00 1.6916E-01
1.5826823E+00 1.6931E-01
1.5833334E+00 1.6937E-01
1.5839844E+00 1.6956E-01
1.5846354E+00 1.6981E-01
1.5852865E+00 1.6987E-01
1.5859375E+00 1.7015E-01
1.5865886E+00 1.7008E-01
1.5872396E+00 1.7022E-01
1.5878906E+00 1.7032E-01
1.5885417E+00 1.7028E-01
1.5891927E+00 1.7028E-01
1.5898438E+00 1.7028E-01
1.5904948E+00 1.7032E-01
1.5911459E+00 1.7023E-01
1.5917969E+00 1.7018E-01
1.5924479E+00 1.7013E-01
1.5930990E+00 1.7003E-01
1.5937500E+00 1.7021E-01
1.5944011E+00 1.6995E-01
1.5950521E+00 1.6978E-01
1.5957031E+00 1.6949E-01
1.5963542E+00 1.6957E-01
1.5970052E+00 1.6948E-01
1.5976563E+00 1.6924E-01
1.5983073E+00 1.6917E-01
1.5989584E+00 1.6903E-01
1.5996094E+00 1.6893E-01
1.6002604E+00 1.6883E-01
1.6009115E+00 1.6854E-01
1.6015625E+00 1.6819E-01
1.6022136E+00 1.6756E-01
1.6028646E+00 1.6681E-01
1.6035156E+00 1.6587E-01
1.6041667E+00 1.6506E-01
1.6048177E+00 1.6397E-01
1.6054688E+00 1.6278E-01
1.6061198E+00 1.6162E-01
1.6067709E+00 1.6037E-01
1.6074219E+00 1.5930E-01
1.6080729E+00 1.5824E-01
1.6087240E+00 1.5751E-01
1.6093750E+00 1.5718E-01
1.6100261E+00 1.5697E-01
1.6106771E+00 1.5701E-01
1.6113281E+00 1.5692E-01
1.6119792E+00 1.5682E-01
1.6126302E+00 1.5672E-01
1.6132813E+00 1.5685E-01
1.6139323E+00 1.5700E-01
1.6145834E+00 1.5687E-01
1.6152344E+00 1.5700E-01
1.6158854E+00 1.5715E-01
1.6165365E+00 1.5795E-01
1.6171875E+00 1.5871E-01
1.6178386E+00 1.5970E-01
1.6184896E+00 1.6113E-01
1.6191406E+00 1.6300E-01
1.6197917E+00 1.6510E-01
1.6204427E+00 1.6749E-01
1.6210938E+00 1.7027E-01
1.6217448E+00 1.7314E-01
1.6223959E+00 1.7577E-01
1.6230469E+00 1.7829E-01
1.6236979E+00 1.8029E-01
1.6243490E+00 1.8211E-01
1.6250000E+00 1.8308E-01
1.6256511E+00 1.8398E-01
1.6263021E+00 1.8446E-01
1.6269531E+00 1.8520E-01
1.6276042E+00 1.8614E-01
1.6282552E+00 1.8714E-01
1.6289063E+00 1.8828E-01
1.6295573E+00 1.8967E-01
1.6302084E+00 1.9122E-01
1.6308594E+00 1.9292E-01
1.6315104E+00 1.9458E-01
1.6321615E+00 1.9619E-01
1.6328125E+00 1.9757E-01
1.6334636E+00 1.9902E-01
1.6341146E+00 1.9987E-01
1.6347656E+00 2.0025E-01
1.6354167E+00 2.0023E-01
1.6360677E+00 1.9976E-01
1.6367188E+00 1.9916E-01
1.6373698E+00 1.9809E-01
1.6380209E+00 1.9736E-01
1.6386719E+00 1.9712E-01
1.6393229E+00 1.9702E-01
1.6399740E+00 1.9715E-01
1.6406250E+00 1.9721E-01
1.6412761E+00 1.9716E-01
1.6419271E+00 1.9725E-01
1.6425781E+00 1.9740E-01
1.6432292E+00 1.9737E-01
1.6438802E+00 1.9741E-01
1.6445313E+00 1.9774E-01
1.6451823E+00 1.9776E-01
1.6458334E+00 1.9790E-01
1.6464844E+00 1.9768E-01
1.6471354E+00 1.9776E-01
1.6477865E+00 1.9776E-01
1.6484375E+00 1.9762E-01
1.6490886E+00 1.9757E-01
1.6497396E+00 1.9742E-01
1.6503906E+00 1.9727E-01
1.6510417E+00 1.9712E-01
1.6516927E+00 1.9683E-01
1.6523438E+00 1.9653E-01
1.6529948E+00 1.9623E-01
1.6536459E+00 1.9616E-01
1.6542969E+00 1.9578E-01
1.6549479E+00 1.9575E-01
1.6555990E+00 1.9566E-01
1.6562500E+00 1.9612E-01
1.6569011E+00 1.9681E-01
1.6575521E+00 1.9761E-01
1.6582031E+00 1.9860E-01
1.6588542E+00 1.9979E-01
1.6595052E+00 2.0104E-01
1.6601563E+00 2.0230E-01
1.6608073E+00 2.0346E-01
1.6614584E+00 2.0443E-01
1.6621094E+00 2.0515E-01
1.6627604E+00 2.0543E-01
1.6634115E+00 2.0545E-01
1.6640625E+00 2.0573E-01
1.6647136E+00 2.0589E-01
1.6653646E+00 2.0600E-01
1.6660156E+00 2.0628E-01
1.6666667E+00 2.0617E-01
1.6673177E+00 2.0639E-01
1.6679688E+00 2.0641E-01
1.6686198E+00 2.0636E-01
1.6692709E+00 2.0640E-01
1.6699219E+00 2.0641E-01
1.6705729E+00 2.0641E-01
1.6712240E+00 2.0641E-01
1.6718750E+00 2.0631E-01
1.6725261E+00 2.0621E-01
1.6731771E+00 2.0616E-01
1.6738281E+00 2.0630E-01
1.6744792E+00 2.0589E-01
1.6751302E+00 2.0571E-01
1.6757813E+00 2.0528E-01
1.6764323E+00 2.0511E-01
1.6770834E+00 2.0454E-01
1.6777344E+00 2.0370E-01
1.6783854E+00 2.0262E-01
1.6790365E+00 2.0114E-01
1.6796875E+00 1.9958E-01
1.6803386E+00 1.9779E-01
1.6809896E+00 1.9566E-01
1.6816406E+00 1.9336E-01
1.6822917E+00 1.9100E-01
1.6829427E+00 1.8854E-01
1.6835938E+00 1.8617E-01
1.6842448E+00 1.8433E-01
1.6848959E+00 1.8163E-01
1.6855469E+00 1.7887E-01
1.6861979E+00 1.7662E-01
1.6868490E+00 1.7450E-01
1.6875000E+00 1.7271E-01
1.6881511E+00 1.7128E-01
1.6888021E+00 1.7020E-01
1.6894531E+00 1.6919E-01
1.6901042E+00 1.6833E-01
1.6907552E+00 1.6766E-01
1.6914063E+00 1.6705E-01
1.6920573E+00 1.6692E-01
1.6927084E+00 1.6705E-01
1.6933594E+00 1.6748E-01
1.6940104E+00 1.6784E-01
1.6946615E+00 1.6800E-01
1.6953125E+00 1.6820E-01
1.6959636E+00 1.6798E-01
1.6966146E+00 1.6815E-01
1.6972656E+00 1.6798E-01
1.6979167E+00 1.6782E-01
1.6985677E+00 1.6772E-01
1.6992188E+00 1.6771E-01
1.6998698E+00 1.6776E-01
1.7005209E+00 1.6781E-01
1.7011719E+00 1.6786E-01
1.7018229E+00 1.6796E-01
1.7024740E+00 1.6806E-01
1.7031250E+00 1.6820E-01
1.7037761E+00 1.6822E-01
1.7044271E+00 1.6859E-01
1.7050781E+00 1.6866E-01
1.7057292E+00 1.6895E-01
1.7063802E+00 1.6888E-01
1.7070313E+00 1.6906E-01
1.7076823E+00 1.6921E-01
1.7083334E+00 1.6917E-01
1.7089844E+00 1.6922E-01
1.7096354E+00 1.6927E-01
1.7102865E+00 1.6922E-01
1.7109375E+00 1.6922E-01
1.7115886E+00 1.6917E-01
1.7122396E+00 1.6912E-01
1.7128906E+00 1.6898E-01
1.7135417E+00 1.6897E-01
1.7141927E+00 1.6860E-01
1.7148438E+00 1.6815E-01
1.7154948E+00 1.6760E-01
1.7161459E+00 1.6677E-01
1.7167969E+00 1.6601E-01
1.7174479E+00 1.6493E-01
1.7180990E+00 1.6382E-01
1.7187500E+00 1.6258E-01
1.7194011E+00 1.6141E-01
1.7200521E+00 1.6031E-01
1.7207031E+00 1.5911E-01
1.7213542E+00 1.5813E-01
1.7220052E+00 1.5732E-01
1.7226563E+00 1.5670E-01
1.7233073E+00 1.5638E-01
1.7239584E+00 1.5640E-01
1.7246094E+00 1.5659E-01
1.7252604E+00 1.5661E-01
1.7259115E+00 1.5689E-01
1.7265625E+00 1.5686E-01
1.7272136E+00 1.5705E-01
1.7278646E+00 1.5720E-01
1.7285156E+00 1.5716E-01
1.7291667E+00 1.5730E-01
1.7298177E+00 1.5773E-01
1.7304688E+00 1.5818E-01
1.7311198E+00 1.5887E-01
1.7317709E+00 1.5981E-01
1.7324219E+00 1.6104E-01
1.7330729E+00 1.6258E-01
1.7337240E+00 1.6460E-01
1.7343750E+00 1.6647E-01
1.7350261E+00 1.6894E-01
1.7356771E+00 1.7127E-01
1.7363281E+00 1.7386E-01
1.7369792E+00 1.7628E-01
1.7376302E+00 1.7823E-01
1.7382813E+00 1.7981E-01
1.7389323E+00 1.8100E-01
1.7395834E+00 1.8187E-01
1.7402344E+00 1.8268E-01
1.7408854E+00 1.8353E-01
1.7415365E+00 1.8453E-01
1.7421875E+00 1.8576E-01
1.7428386E+00 1.8721E-01
1.7434896E+00 1.8876E-01
1.7441406E+00 1.9073E-01
1.7447917E+00 1.9260E-01
1.7454427E+00 1.9432E-01
1.7460938E+00 1.9599E-01
1.7467448E+00 1.9722E-01
1.7473959E+00 1.9852E-01
1.7480469E+00 1.9941E-01
1.7486979E+00 1.9975E-01
1.7493490E+00 1.9973E-01
1.7500000E+00 1.9935E-01
1.7506511E+00 1.9862E-01
1.7513021E+00 1.9777E-01
1.7519531E+00 1.9715E-01
1.7526042E+00 1.9692E-01
1.7532552E+00 1.9686E-01
1.7539063E+00 1.9700E-01
1.7545573E+00 1.9659E-01
1.7552084E+00 1.9646E-01
1.7558594E+00 1.9608E-01
1.7565104E+00 1.9615E-01
1.7571615E+00 1.9597E-01
1.7578125E+00 1.9572E-01
1.7584636E+00 1.9556E-01
1.7591146E+00 1.9541E-01
1.7597656E+00 1.9550E-01
1.7604167E+00 1.9536E-01
1.7610677E+00 1.9526E-01
1.7617188E+00 1.9530E-01
1.7623698E+00 1.9530E-01
1.7630209E+00 1.9535E-01
1.7636719E+00 1.9521E-01
1.7643229E+00 1.9548E-01
1.7649740E+00 1.9541E-01
1.7656250E+00 1.9545E-01
1.7662761E+00 1.9531E-01
1.7669271E+00 1.9516E-01
1.7675781E+00 1.9524E-01
1.7682292E+00 1.9539E-01
1.7688802E+00 1.9554E-01
1.7695313E+00 1.9583E-01
1.7701823E+00 1.9641E-01
1.7708334E+00 1.9720E-01
1.7714844E+00 1.9810E-01
1.7721354E+00 1.9919E-01
1.7727865E+00 2.0034E-01
1.7734375E+00 2.0173E-01
1.7740886E+00 2.0286E-01
1.7747396E+00 2.0383E-01
1.7753906E+00 2.0459E-01
1.7760417E+00 2.0488E-01
1.7766927E+00 2.0518E-01
1.7773438E+00 2.0501E-01
1.7779948E+00 2.0486E-01
1.7786459E+00 2.0480E-01
1.7792969E+00 2.0475E-01
1.7799479E+00 2.0484E-01
1.7805990E+00 2.0485E-01
1.7812500E+00 2.0494E-01
1.7819011E+00 2.0495E-01
1.7825521E+00 2.0514E-01
1.7832031E+00 2.0524E-01
1.7838542E+00 2.0525E-01
1.7845052E+00 2.0567E-01
1.7851563E+00 2.0575E-01
1.7858073E+00 2.0603E-01
1.7864584E+00 2.0592E-01
1.7871094E+00 2.0604E-01
1.7877604E+00 2.0624E-01
1.7884115E+00 2.0612E-01
1.7890625E+00 2.0611E-01
1.7897136E+00 2.0592E-01
1.7903646E+00 2.0558E-01
1.7910156E+00 2.0518E-01
1.7916667E+00 2.0431E-01
1.7923177E+00 2.0308E-01
1.7929688E+00 2.0154E-01
1.7936198E+00 2.0003E-01
1.7942709E+00 1.9769E-01
1.7949219E+00 1.9537E-01
1.7955729E+00 1.9282E-01
1.7962240E+00 1.9012E-01
1.7968750E+00 1.8769E-01
1.7975261E+00 1.8541E-01
1.7981771E+00 1.8292E-01
1.7988281E+00 1.7999E-01
1.7994792E+00 1.7735E-01
1.8001302E+00 1.7520E-01
1.8007813E+00 1.7318E-01
1.8014323E+00 1.7159E-01
1.8020834E+00 1.7046E-01
1.8027344E+00 1.6963E-01
1.8033854E+00 1.6878E-01
1.8040365E+00 1.6821E-01
1.8046875E+00 1.6779E-01
1.8053386E+00 1.6753E-01
1.8059896E+00 1.6793E-01
1.8066406E+00 1.6806E-01
1.8072917E+00 1.6862E-01
1.8079427E+00 1.6927E-01
1.8085938E+00 1.6955E-01
1.8092448E+00 1.6999E-01
1.8098959E+00 1.7021E-01
1.8105469E+00 1.7027E-01
1.8111979E+00 1.7028E-01
1.8118490E+00 1.7028E-01
1.8125000E+00 1.7018E-01
1.8131511E+00 1.7008E-01
1.8138021E+00 1.7017E-01
1.8144531E+00 1.6990E-01
1.8151042E+00 1.6978E-01
1.8157552E+00 1.6945E-01
1.8164063E+00 1.6947E-01
1.8170573E+00 1.6938E-01
1.8177084E+00 1.6919E-01
1.8183594E+00 1.6908E-01
1.8190104E+00 1.6902E-01
1.8196615E+00 1.6907E-01
1.8203125E+00 1.6912E-01
1.8209636E+00 1.6917E-01
1.8216146E+00 1.6926E-01
1.8222656E+00 1.6941E-01
1.8229167E+00 1.6952E-01
1.8235677E+00 1.6957E-01
1.8242188E+00 1.6990E-01
1.8248698E+00 1.7006E-01
1.8255209E+00 1.7017E-01
1.8261719E+00 1.7036E-01
1.8268229E+00 1.7033E-01
1.8274740E+00 1.7037E-01
1.8281250E+00 1.7033E-01
1.8287761E+00 1.7019E-01
1.8294271E+00 1.6999E-01
1.8300781E+00 1.6969E-01
1.8307292E+00 1.6925E-01
1.8313802E+00 1.6861E-01
1.8320313E+00 1.6787E-01
1.8326823E+00 1.6702E-01
1.8333334E+00 1.6626E-01
1.8339844E+00 1.6541E-01
1.8346354E+00 1.6433E-01
1.8352865E+00 1.6364E-01
1.8359375E+00 1.6285E-01
1.8365886E+00 1.6274E-01
1.8372396E+00 1.6255E-01
1.8378906E+00 1.6240E-01
1.8385417E+00 1.6229E-01
1.8391927E+00 1.6224E-01
1.8398438E+00 1.6228E-01
1.8404948E+00 1.6224E-01
1.8411459E+00 1.6242E-01
1.8417969E+00 1.6253E-01
1.8424479E+00 1.6254E-01
1.8430990E+00 1.6282E-01
1.8437500E+00 1.6293E-01
1.8444011E+00 1.6341E-01
1.8450521E+00 1.6354E-01
1.8457031E+00 1.6401E-01
1.8463542E+00 1.6437E-01
1.8470052E+00 1.6477E-01
1.8476563E+00 1.6554E-01
1.8483073E+00 1.6621E-01
1.8489584E+00 1.6696E-01
1.8496094E+00 1.6790E-01
1.8502604E+00 1.6885E-01
1.8509115E+00 1.6985E-01
1.8515625E+00 1.7062E-01
1.8522136E+00 1.7119E-01
1.8528646E+00 1.7128E-01
1.8535156E+00 1.7137E-01
1.8541667E+00 1.7124E-01
1.8548177E+00 1.7104E-01
1.8554688E+00 1.7094E-01
1.8561198E+00 1.7070E-01
1.8567709E+00 1.7072E-01
1.8574219E+00 1.7059E-01
1.8580729E+00 1.7044E-01
1.8587240E+00 1.7043E-01
1.8593750E+00 1.7038E-01
1.8600261E+00 1.7052E-01
1.8606771E+00 1.7057E-01
1.8613281E+00 1.7062E-01
1.8619792E+00 1.7072E-01
1.8626302E+00 1.7096E-01
1.8632813E+00 1.7103E-01
1.8639323E+00 1.7103E-01
1.8645834E+00 1.7136E-01
1.8652344E+00 1.7124E-01
1.8658854E+00 1.7137E-01
1.8665365E+00 1.7096E-01
1.8671875E+00 1.7051E-01
1.8678386E+00 1.6996E-01
1.8684896E+00 1.6904E-01
1.8691406E+00 1.6808E-01
1.8697917E+00 1.6694E-01
1.8704427E+00 1.6565E-01
1.8710938E+00 1.6439E-01
1.8717448E+00 1.6294E-01
1.8723959E+00 1.6158E-01
1.8730469E+00 1.6036E-01
1.8736979E+00 1.5948E-01
1.8743490E+00 1.5849E-01
1.8750000E+00 1.5814E-01
1.8756511E+00 1.5779E-01
1.8763021E+00 1.5762E-01
1.8769531E+00 1.5757E-01
1.8776042E+00 1.5738E-01
1.8782552E+00 1.5731E-01
1.8789063E+00 1.5736E-01
1.8795573E+00 1.5745E-01
1.8802084E+00 1.5774E-01
1.8808594E+00 1.5818E-01
1.8815104E+00 1.5896E-01
1.8821615E+00 1.5986E-01
1.8828125E+00 1.6104E-01
1.8834636E+00 1.6262E-01
1.8841146E+00 1.6460E-01
1.8847656E+00 1.6689E-01
1.8854167E+00 1.6939E-01
1.8860677E+00 1.7228E-01
1.8867188E+00 1.7501E-01
1.8873698E+00 1.7791E-01
1.8880209E+00 1.8049E-01
1.8886719E+00 1.8250E-01
1.8893229E+00 1.8404E-01
1.8899740E+00 1.8498E-01
1.8906250E+00 1.8556E-01
1.8912761E+00 1.8607E-01
1.8919271E+00 1.8662E-01
1.8925781E+00 1.8731E-01
1.8932292E+00 1.8811E-01
1.8938802E+00 1.8933E-01
1.8945313E+00 1.9031E-01
1.8951823E+00 1.9182E-01
1.8958334E+00 1.9319E-01
1.8964844E+00 1.9506E-01
1.8971354E+00 1.9660E-01
1.8977865E+00 1.9801E-01
1.8984375E+00 1.9937E-01
1.8990886E+00 2.0045E-01
1.8997396E+00 2.0123E-01
1.9003906E+00 2.0151E-01
1.9010417E+00 2.0125E-01
1.9016927E+00 2.0072E-01
1.9023438E+00 1.9993E-01
1.9029948E+00 1.9941E-01
1.9036459E+00 1.9928E-01
1.9042969E+00 1.9964E-01
1.9049479E+00 1.9977E-01
1.9055990E+00 1.9987E-01
1.9062500E+00 2.0001E-01
1.9069011E+00 1.9998E-01
1.9075521E+00 2.0011E-01
1.9082031E+00 2.0003E-01
1.9088542E+00 2.0002E-01
1.9095052E+00 1.9993E-01
1.9101563E+00 1.9983E-01
1.9108073E+00 1.9978E-01
1.9114584E+00 1.9959E-01
1.9121094E+00 1.9939E-01
1.9127604E+00 1.9919E-01
1.9134115E+00 1.9908E-01
1.9140625E+00 1.9893E-01
1.9147136E+00 1.9850E-01
1.9153646E+00 1.9828E-01
1.9160156E+00 1.9775E-01
1.9166667E+00 1.9762E-01
1.9173177E+00 1.9715E-01
1.9179688E+00 1.9664E-01
1.9186198E+00 1.9633E-01
1.9192709E+00 1.9626E-01
1.9199219E+00 1.9635E-01
1.9205729E+00 1.9650E-01
1.9212240E+00 1.9707E-01
1.9218750E+00 1.9781E-01
1.9225261E+00 1.9889E-01
1.9231771E+00 2.0009E-01
1.9238281E+00 2.0129E-01
1.9244792E+00 2.0297E-01
1.9251302E+00 2.0426E-01
1.9257813E+00 2.0570E-01
1.9264323E+00 2.0650E-01
1.9270834E+00 2.0721E-01
1.9277344E+00 2.0759E-01
1.9283854E+00 2.0752E-01
1.9290365E+00 2.0751E-01
1.9296875E+00 2.0751E-01
1.9303386E+00 2.0751E-01
1.9309896E+00 2.0747E-01
1.9316406E+00 2.0742E-01
1.9322917E+00 2.0732E-01
1.9329427E+00 2.0726E-01
1.9335938E+00 2.0740E-01
1.9342448E+00 2.0713E-01
1.9348959E+00 2.0697E-01
1.9355469E+00 2.0687E-01
1.9361979E+00 2.0658E-01
1.9368490E+00 2.0665E-01
1.9375000E+00 2.0642E-01
1.9381511E+00 2.0631E-01
1.9388021E+00 2.0621E-01
1.9394531E+00 2.0611E-01
1.9401042E+00 2.0615E-01
1.9407552E+00 2.0597E-01
1.9414063E+00 2.0577E-01
1.9420573E+00 2.0533E-01
1.9427084E+00 2.0469E-01
1.9433594E+00 2.0353E-01
1.9440104E+00 2.0209E-01
1.9446615E+00 2.0073E-01
1.9453125E+00 1.9876E-01
1.9459636E+00 1.9675E-01
1.9466146E+00 1.9414E-01
1.9472656E+00 1.9152E-01
1.9479167E+00 1.8909E-01
1.9485677E+00 1.8663E-01
1.9492188E+00 1.8403E-01
1.9498698E+00 1.8081E-01
1.9505209E+00 1.7787E-01
1.9511719E+00 1.7547E-01
1.9518229E+00 1.7306E-01
1.9524740E+00 1.7112E-01
1.9531250E+00 1.6963E-01
1.9537761E+00 1.6864E-01
1.9544271E+00 1.6740E-01
1.9550781E+00 1.6647E-01
1.9557292E+00 1.6552E-01
1.9563802E+00 1.6503E-01
1.9570313E+00 1.6495E-01
1.9576823E+00 1.6504E-01
1.9583334E+00 1.6524E-01
1.9589844E+00 1.6572E-01
1.9596354E+00 1.6613E-01
1.9602865E+00 1.6644E-01
1.9609375E+00 1.6664E-01
1.9615886E+00 1.6684E-01
1.9622396E+00 1.6695E-01
1.9628906E+00 1.6715E-01
1.9635417E+00 1.6716E-01
1.9641927E+00 1.6730E-01
1.9648438E+00 1.6754E-01
1.9654948E+00 1.6770E-01
1.9661459E+00 1.6795E-01
1.9667969E+00 1.6782E-01
1.9674479E+00 1.6800E-01
1.9680990E+00 1.6811E-01
1.9687500E+00 1.6802E-01
1.9694011E+00 1.6806E-01
1.9700521E+00 1.6806E-01
1.9707031E+00 1.6802E-01
1.9713542E+00 1.6806E-01
1.9720052E+00 1.6802E-01
1.9726563E+00 1.6787E-01
1.9733073E+00 1.6786E-01
1.9739584E+00 1.6800E-01
1.9746094E+00 1.6760E-01
1.9752604E+00 1.6756E-01
1.9759115E+00 1.6728E-01
1.9765625E+00 1.6735E-01
1.9772136E+00 1.6722E-01
1.9778646E+00 1.6698E-01
1.9785156E+00 1.6682E-01
1.9791667E+00 1.6667E-01
1.9798177E+00 1.6661E-01
1.9804688E+00 1.6647E-01
1.9811198E+00 1.6608E-01
1.9817709E+00 1.6582E-01
1.9824219E+00 1.6534E-01
1.9830729E+00 1.6474E-01
1.9837240E+00 1.6391E-01
1.9843750E+00 1.6352E-01
1.9850261E+00 1.6270E-01
1.9856771E+00 1.6212E-01
1.9863281E+00 1.6157E-01
1.9869792E+00 1.6102E-01
1.9876302E+00 1.6089E-01
1.9882813E+00 1.6083E-01
1.9889323E+00 1.6078E-01
1.9895834E+00 1.6073E-01
1.9902344E+00 1.6078E-01
1.9908854E+00 1.6078E-01
1.9915365E+00 1.6073E-01
1.9921875E+00 1.6073E-01
1.9928386E+00 1.6064E-01
1.9934896E+00 1.6058E-01
1.9941406E+00 1.6048E-01
1.9947917E+00 1.6048E-01
1.9954427E+00 1.6062E-01
1.9960938E+00 1.6039E-01
1.9967448E+00 1.6080E-01
1.9973959E+00 1.6116E-01
1.9980469E+00 1.6151E-01
1.9986979E+00 1.6223E-01
1.9993490E+00 1.6313E-01
2.0000000E+00 1.6426E-01
2.0006511E+00 1.6565E-01
2.0013021E+00 1.6706E-01
2.0019531E+00 1.6842E-01
2.0026042E+00 1.6978E-01
2.0032552E+00 1.7071E-01
2.0039063E+00 1.7115E-01
2.0045573E+00 1.7165E-01
2.0052084E+00 1.7182E-01
2.0058594E+00 1.7216E-01
2.0065104E+00 1.7219E-01
2.0071615E+00 1.7237E-01
2.0078125E+00 1.7257E-01
2.0084636E+00 1.7263E-01
2.0091146E+00 1.7292E-01
2.0097656E+00 1.7313E-01
2.0104167E+00 1.7347E-01
2.0110677E+00 1.7410E-01
2.0117188E+00 1.7480E-01
2.0123698E+00 1.7564E-01
2.0130209E+00 1.7673E-01
2.0136719E+00 1.7793E-01
2.0143229E+00 1.7871E-01
2.0149740E+00 1.7947E-01
2.0156250E+00 1.7990E-01
2.0162761E+00 1.7969E-01
2.0169271E+00 1.7916E-01
2.0175781E+00 1.7800E-01
2.0182292E+00 1.7633E-01
2.0188802E+00 1.7527E-01
2.0195313E+00 1.7501E-01
2.0201823E+00 1.7491E-01
2.0208334E+00 1.7485E-01
2.0214844E+00 1.7494E-01
2.0221354E+00 1.7500E-01
2.0227865E+00 1.7509E-01
2.0234375E+00 1.7515E-01
2.0240886E+00 1.7529E-01
2.0247396E+00 1.7549E-01
2.0253906E+00 1.7546E-01
2.0260417E+00 1.7578E-01
2.0266927E+00 1.7557E-01
2.0273438E+00 1.7565E-01
2.0279948E+00 1.7575E-01
2.0286459E+00 1.7561E-01
2.0292969E+00 1.7560E-01
2.0299479E+00 1.7551E-01
2.0305990E+00 1.7546E-01
2.0312500E+00 1.7531E-01
2.0319011E+00 1.7530E-01
2.0325521E+00 1.7549E-01
2.0332031E+00 1.7574E-01
2.0338542E+00 1.7645E-01
2.0345052E+00 1.7702E-01
2.0351563E+00 1.7809E-01
2.0358073E+00 1.7919E-01
2.0364584E+00 1.8086E-01
2.0371094E+00 1.8266E-01
2.0377604E+00 1.8447E-01
2.0384115E+00 1.8651E-01
2.0390625E+00 1.8857E-01
2.0397136E+00 1.9054E-01
2.0403646E+00 1.9198E-01
2.0410156E+00 1.9288E-01
2.0416667E+00 1.9331E-01
2.0423177E+00 1.9348E-01
2.0429688E+00 1.9373E-01
2.0436198E+00 1.9374E-01
2.0442709E+00 1.9407E-01
2.0449219E+00 1.9437E-01
2.0455729E+00 1.9454E-01
2.0462240E+00 1.9487E-01
2.0468750E+00 1.9495E-01
2.0475261E+00 1.9537E-01
2.0481771E+00 1.9573E-01
2.0488281E+00 1.9608E-01
2.0494792E+00 1.9666E-01
2.0501302E+00 1.9722E-01
2.0507813E+00 1.9777E-01
2.0514323E+00 1.9819E-01
2.0520834E+00 1.9822E-01
2.0527344E+00 1.9789E-01
2.0533854E+00 1.9712E-01
2.0540365E+00 1.9585E-01
2.0546875E+00 1.9356E-01
2.0553386E+00 1.9120E-01
2.0559896E+00 1.8837E-01
2.0566406E+00 1.8625E-01
2.0572917E+00 1.8452E-01
2.0579427E+00 1.8328E-01
2.0585938E+00 1.8221E-01
2.0592448E+00 1.8116E-01
2.0598959E+00 1.8029E-01
2.0605469E+00 1.7971E-01
2.0611979E+00 1.7944E-01
2.0618490E+00 1.7933E-01
2.0625000E+00 1.7923E-01
2.0631511E+00 1.7913E-01
2.0638021E+00 1.7898E-01
2.0644531E+00 1.7934E-01
2.0651042E+00 1.7932E-01
2.0657552E+00 1.7946E-01
2.0664063E+00 1.7943E-01
2.0670573E+00 1.7942E-01
2.0677084E+00 1.7956E-01
2.0683594E+00 1.7948E-01
2.0690104E+00 1.7938E-01
2.0696615E+00 1.7937E-01
2.0703125E+00 1.7965E-01
2.0709636E+00 1.7995E-01
2.0716146E+00 1.8030E-01
2.0722656E+00 1.8093E-01
2.0729167E+00 1.8182E-01
2.0735677E+00 1.8300E-01
2.0742188E+00 1.8430E-01
2.0748698E+00 1.8570E-01
2.0755209E+00 1.8730E-01
2.0761719E+00 1.8886E-01
2.0768229E+00 1.9079E-01
2.0774740E+00 1.9242E-01
2.0781250E+00 1.9375E-01
2.0787761E+00 1.9468E-01
2.0794271E+00 1.9503E-01
2.0800781E+00 1.9524E-01
2.0807292E+00 1.9530E-01
2.0813802E+00 1.9535E-01
2.0820313E+00 1.9544E-01
2.0826823E+00 1.9569E-01
2.0833334E+00 1.9575E-01
2.0839844E+00 1.9580E-01
2.0846354E+00 1.9636E-01
2.0852865E+00 1.9641E-01
2.0859375E+00 1.9673E-01
2.0865886E+00 1.9681E-01
2.0872396E+00 1.9700E-01
2.0878906E+00 1.9729E-01
2.0885417E+00 1.9726E-01
2.0891927E+00 1.9731E-01
2.0898438E+00 1.9698E-01
2.0904948E+00 1.9649E-01
2.0911459E+00 1.9571E-01
2.0917969E+00 1.9444E-01
2.0924479E+00 1.9271E-01
2.0930990E+00 1.9086E-01
2.0937500E+00 1.8896E-01
2.0944011E+00 1.8644E-01
2.0950521E+00 1.8388E-01
2.0957031E+00 1.8090E-01
2.0963542E+00 1.7802E-01
2.0970052E+00 1.7586E-01
2.0976563E+00 1.7402E-01
2.0983073E+00 1.7194E-01
2.0989584E+00 1.6987E-01
2.0996094E+00 1.6828E-01
2.1002604E+00 1.6714E-01
2.1009115E+00 1.6617E-01
2.1015625E+00 1.6550E-01
2.1022136E+00 1.6513E-01
2.1028646E+00 1.6496E-01
2.1035156E+00 1.6495E-01
2.1041667E+00 1.6495E-01
2.1048177E+00 1.6518E-01
2.1054688E+00 1.6529E-01
2.1061198E+00 1.6558E-01
2.1067709E+00 1.6546E-01
2.1074219E+00 1.6564E-01
2.1080729E+00 1.6603E-01
2.1087240E+00 1.6638E-01
2.1093750E+00 1.6687E-01
2.1100261E+00 1.6770E-01
2.1106771E+00 1.6874E-01
2.1113281E+00 1.6998E-01
2.1119792E+00 1.7147E-01
2.1126302E+00 1.7321E-01
2.1132813E+00 1.7507E-01
2.1139323E+00 1.7744E-01
2.1145834E+00 1.7924E-01
2.1152344E+00 1.8128E-01
2.1158854E+00 1.8278E-01
2.1165365E+00 1.8429E-01
2.1171875E+00 1.8514E-01
2.1178386E+00 1.8548E-01
2.1184896E+00 1.8592E-01
2.1191406E+00 1.8623E-01
2.1197917E+00 1.8668E-01
2.1204427E+00 1.8722E-01
2.1210938E+00 1.8782E-01
2.1217448E+00 1.8866E-01
2.1223959E+00 1.8970E-01
2.1230469E+00 1.9080E-01
2.1236979E+00 1.9186E-01
2.1243490E+00 1.9343E-01
2.1250000E+00 1.9466E-01
2.1256511E+00 1.9577E-01
2.1263021E+00 1.9669E-01
2.1269531E+00 1.9722E-01
2.1276042E+00 1.9749E-01
2.1282552E+00 1.9728E-01
2.1289063E+00 1.9656E-01
2.1295573E+00 1.9543E-01
2.1302084E+00 1.9405E-01
2.1308594E+00 1.9259E-01
2.1315104E+00 1.9109E-01
2.1321615E+00 1.9019E-01
2.1328125E+00 1.8975E-01
2.1334636E+00 1.8963E-01
2.1341146E+00 1.8953E-01
2.1347656E+00 1.8906E-01
2.1354167E+00 1.8893E-01
2.1360677E+00 1.8850E-01
2.1367188E+00 1.8856E-01
2.1373698E+00 1.8833E-01
2.1380209E+00 1.8804E-01
2.1386719E+00 1.8783E-01
2.1393229E+00 1.8777E-01
2.1399740E+00 1.8772E-01
2.1406250E+00 1.8762E-01
2.1412761E+00 1.8766E-01
2.1419271E+00 1.8762E-01
2.1425781E+00 1.8766E-01
2.1432292E+00 1.8766E-01
2.1438802E+00 1.8757E-01
2.1445313E+00 1.8784E-01
2.1451823E+00 1.8782E-01
2.1458334E+00 1.8819E-01
2.1464844E+00 1.8836E-01
2.1471354E+00 1.8874E-01
2.1477865E+00 1.8942E-01
2.1484375E+00 1.9026E-01
2.1490886E+00 1.9126E-01
2.1497396E+00 1.9250E-01
2.1503906E+00 1.9399E-01
2.1510417E+00 1.9554E-01
2.1516927E+00 1.9715E-01
2.1523438E+00 1.9875E-01
2.1529948E+00 2.0022E-01
2.1536459E+00 2.0159E-01
2.1542969E+00 2.0220E-01
2.1549479E+00 2.0233E-01
2.1555990E+00 2.0215E-01
2.1562500E+00 2.0195E-01
2.1569011E+00 2.0193E-01
2.1575521E+00 2.0175E-01
2.1582031E+00 2.0164E-01
2.1588542E+00 2.0159E-01
2.1595052E+00 2.0158E-01
2.1601563E+00 2.0168E-01
2.1608073E+00 2.0168E-01
2.1614584E+00 2.0178E-01
2.1621094E+00 2.0183E-01
2.1627604E+00 2.0207E-01
2.1634115E+00 2.0209E-01
2.1640625E+00 2.0213E-01
2.1647136E+00 2.0256E-01
2.1653646E+00 2.0254E-01
2.1660156E+00 2.0272E-01
2.1666667E+00 2.0241E-01
2.1673177E+00 2.0215E-01
2.1679688E+00 2.0167E-01
2.1686198E+00 2.0056E-01
2.1692709E+00 1.9922E-01
2.1699219E+00 1.9735E-01
2.1705729E+00 1.9539E-01
2.1712240E+00 1.9301E-01
2.1718750E+00 1.9037E-01
2.1725261E+00 1.8766E-01
2.1731771E+00 1.8471E-01
2.1738281E+00 1.8207E-01
2.1744792E+00 1.7932E-01
2.1751302E+00 1.7660E-01
2.1757813E+00 1.7342E-01
2.1764323E+00 1.7067E-01
2.1770834E+00 1.6843E-01
2.1777344E+00 1.6640E-01
2.1783854E+00 1.6462E-01
2.1790365E+00 1.6342E-01
2.1796875E+00 1.6269E-01
2.1803386E+00 1.6212E-01
2.1809896E+00 1.6176E-01
2.1816406E+00 1.6155E-01
2.1822917E+00 1.6144E-01
2.1829427E+00 1.6157E-01
2.1835938E+00 1.6191E-01
2.1842448E+00 1.6240E-01
2.1848959E+00 1.6286E-01
2.1855469E+00 1.6331E-01
2.1861979E+00 1.6409E-01
2.1868490E+00 1.6452E-01
2.1875000E+00 1.6539E-01
2.1881511E+00 1.6634E-01
2.1888021E+00 1.6720E-01
2.1894531E+00 1.6824E-01
2.1901042E+00 1.6911E-01
2.1907552E+00 1.6982E-01
2.1914063E+00 1.7025E-01
2.1920573E+00 1.7032E-01
2.1927084E+00 1.7028E-01
2.1933594E+00 1.7028E-01
2.1940104E+00 1.7032E-01
2.1946615E+00 1.7000E-01
2.1953125E+00 1.6997E-01
2.1959636E+00 1.6969E-01
2.1966146E+00 1.6977E-01
2.1972656E+00 1.6963E-01
2.1979167E+00 1.6953E-01
2.1985677E+00 1.6952E-01
2.1992188E+00 1.6948E-01
2.1998698E+00 1.6966E-01
2.2005209E+00 1.6981E-01
2.2011719E+00 1.6996E-01
2.2018229E+00 1.7025E-01
2.2024740E+00 1.7051E-01
2.2031250E+00 1.7076E-01
2.2037761E+00 1.7087E-01
2.2044271E+00 1.7121E-01
2.2050781E+00 1.7100E-01
2.2057292E+00 1.7070E-01
2.2063802E+00 1.7012E-01
2.2070313E+00 1.6910E-01
2.2076823E+00 1.6790E-01
2.2083334E+00 1.6655E-01
2.2089844E+00 1.6496E-01
2.2096354E+00 1.6326E-01
2.2102865E+00 1.6151E-01
2.2109375E+00 1.5975E-01
2.2115886E+00 1.5846E-01
2.2122396E+00 1.5781E-01
2.2128906E+00 1.5725E-01
2.2135417E+00 1.5688E-01
2.2141927E+00 1.5667E-01
2.2148438E+00 1.5633E-01
2.2154948E+00 1.5621E-01
2.2161459E+00 1.5583E-01
2.2167969E+00 1.5590E-01
2.2174479E+00 1.5572E-01
2.2180990E+00 1.5547E-01
2.2187500E+00 1.5555E-01
2.2194011E+00 1.5555E-01
2.2200521E+00 1.5560E-01
2.2207031E+00 1.5579E-01
2.2213542E+00 1.5622E-01
2.2220052E+00 1.5686E-01
2.2226563E+00 1.5766E-01
2.2233073E+00 1.5879E-01
2.2239584E+00 1.6013E-01
2.2246094E+00 1.6214E-01
2.2252604E+00 1.6410E-01
2.2259115E+00 1.6653E-01
2.2265625E+00 1.6890E-01
2.2272136E+00 1.7159E-01
2.2278646E+00 1.7435E-01
2.2285156E+00 1.7674E-01
2.2291667E+00 1.7891E-01
2.2298177E+00 1.8061E-01
2.2304688E+00 1.8185E-01
2.2311198E+00 1.8273E-01
2.2317709E+00 1.8349E-01
2.2324219E+00 1.8420E-01
2.2330729E+00 1.8509E-01
2.2337240E+00 1.8627E-01
2.2343750E+00 1.8729E-01
2.2350261E+00 1.8853E-01
2.2356771E+00 1.8997E-01
2.2363281E+00 1.9129E-01
2.2369792E+00 1.9273E-01
2.2376302E+00 1.9400E-01
2.2382813E+00 1.9503E-01
2.2389323E+00 1.9599E-01
2.2395834E+00 1.9675E-01
2.2402344E+00 1.9718E-01
2.2408854E+00 1.9712E-01
2.2415365E+00 1.9688E-01
2.2421875E+00 1.9639E-01
2.2428386E+00 1.9575E-01
2.2434896E+00 1.9486E-01
2.2441406E+00 1.9429E-01
2.2447917E+00 1.9453E-01
2.2454427E+00 1.9455E-01
2.2460938E+00 1.9483E-01
2.2467448E+00 1.9471E-01
2.2473959E+00 1.9479E-01
2.2480469E+00 1.9494E-01
2.2486979E+00 1.9481E-01
2.2493490E+00 1.9480E-01
2.2500000E+00 1.9471E-01
2.2506511E+00 1.9465E-01
2.2513021E+00 1.9455E-01
2.2519531E+00 1.9445E-01
2.2526042E+00 1.9421E-01
2.2532552E+00 1.9406E-01
2.2539063E+00 1.9414E-01
2.2545573E+00 1.9373E-01
2.2552084E+00 1.9355E-01
2.2558594E+00 1.9312E-01
2.2565104E+00 1.9304E-01
2.2571615E+00 1.9281E-01
2.2578125E+00 1.9246E-01
2.2584636E+00 1.9225E-01
2.2591146E+00 1.9214E-01
2.2597656E+00 1.9232E-01
2.2604167E+00 1.9252E-01
2.2610677E+00 1.9291E-01
2.2617188E+00 1.9359E-01
2.2623698E+00 1.9448E-01
2.2630209E+00 1.9571E-01
2.2636719E+00 1.9688E-01
2.2643229E+00 1.9854E-01
2.2649740E+00 2.0021E-01
2.2656250E+00 2.0177E-01
2.2662761E+00 2.0333E-01
2.2669271E+00 2.0442E-01
2.2675781E+00 2.0543E-01
2.2682292E+00 2.0583E-01
2.2688802E+00 2.0585E-01
2.2695313E+00 2.0590E-01
2.2701823E+00 2.0586E-01
2.2708334E+00 2.0585E-01
2.2714844E+00 2.0585E-01
2.2721354E+00 2.0576E-01
2.2727865E+00 2.0566E-01
2.2734375E+00 2.0565E-01
2.2740886E+00 2.0575E-01
2.2747396E+00 2.0533E-01
2.2753906E+00 2.0530E-01
2.2760417E+00 2.0493E-01
2.2766927E+00 2.0504E-01
2.2773438E+00 2.0486E-01
2.2779948E+00 2.0471E-01
2.2786459E+00 2.0456E-01
2.2792969E+00 2.0450E-01
2.2799479E+00 2.0450E-01
2.2805990E+00 2.0440E-01
2.2812500E+00 2.0416E-01
2.2819011E+00 2.0382E-01
2.2825521E+00 2.0314E-01
2.2832031E+00 2.0206E-01
2.2838542E+00 2.0063E-01
2.2845052E+00 1.9917E-01
2.2851563E+00 1.9720E-01
2.2858073E+00 1.9510E-01
2.2864584E+00 1.9262E-01
2.2871094E+00 1.8978E-01
2.2877604E+00 1.8729E-01
2.2884115E+00 1.8478E-01
2.2890625E+00 1.8231E-01
2.2897136E+00 1.7924E-01
2.2903646E+00 1.7622E-01
2.2910156E+00 1.7377E-01
2.2916667E+00 1.7149E-01
2.2923177E+00 1.6947E-01
2.2929688E+00 1.6788E-01
2.2936198E+00 1.6683E-01
2.2942709E+00 1.6583E-01
2.2949219E+00 1.6491E-01
2.2955729E+00 1.6420E-01
2.2962240E+00 1.6345E-01
2.2968750E+00 1.6348E-01
2.2975261E+00 1.6359E-01
2.2981771E+00 1.6383E-01
2.2988281E+00 1.6422E-01
2.2994792E+00 1.6471E-01
2.3001302E+00 1.6531E-01
2.3007813E+00 1.6586E-01
2.3014323E+00 1.6637E-01
2.3020834E+00 1.6673E-01
2.3027344E+00 1.6708E-01
2.3033854E+00 1.6720E-01
2.3040365E+00 1.6721E-01
2.3046875E+00 1.6763E-01
2.3053386E+00 1.6766E-01
2.3059896E+00 1.6794E-01
2.3066406E+00 1.6782E-01
2.3072917E+00 1.6805E-01
2.3079427E+00 1.6816E-01
2.3085938E+00 1.6812E-01
2.3092448E+00 1.6821E-01
2.3098959E+00 1.6812E-01
2.3105469E+00 1.6816E-01
2.3111979E+00 1.6817E-01
2.3118490E+00 1.6812E-01
2.3125000E+00 1.6802E-01
2.3131511E+00 1.6801E-01
2.3138021E+00 1.6811E-01
2.3144531E+00 1.6784E-01
2.3151042E+00 1.6781E-01
2.3157552E+00 1.6767E-01
2.3164063E+00 1.6743E-01
2.3170573E+00 1.6741E-01
2.3177084E+00 1.6727E-01
2.3183594E+00 1.6703E-01
2.3190104E+00 1.6682E-01
2.3196615E+00 1.6658E-01
2.3203125E+00 1.6623E-01
2.3209636E+00 1.6569E-01
2.3216146E+00 1.6505E-01
2.3222656E+00 1.6425E-01
2.3229167E+00 1.6336E-01
2.3235677E+00 1.6227E-01
2.3242188E+00 1.6121E-01
2.3248698E+00 1.6010E-01
2.3255209E+00 1.5895E-01
2.3261719E+00 1.5808E-01
2.3268229E+00 1.5690E-01
2.3274740E+00 1.5611E-01
2.3281250E+00 1.5573E-01
2.3287761E+00 1.5552E-01
2.3294271E+00 1.5541E-01
2.3300781E+00 1.5540E-01
2.3307292E+00 1.5536E-01
2.3313802E+00 1.5530E-01
2.3320313E+00 1.5539E-01
2.3326823E+00 1.5545E-01
2.3333334E+00 1.5545E-01
2.3339844E+00 1.5573E-01
2.3346354E+00 1.5599E-01
2.3352865E+00 1.5661E-01
2.3359375E+00 1.5717E-01
2.3365886E+00 1.5838E-01
2.3372396E+00 1.5987E-01
2.3378906E+00 1.6151E-01
2.3385417E+00 1.6359E-01
2.3391927E+00 1.6603E-01
2.3398438E+00 1.6891E-01
2.3404948E+00 1.7183E-01
2.3411459E+00 1.7469E-01
2.3417969E+00 1.7742E-01
2.3424479E+00 1.7976E-01
2.3430990E+00 1.8160E-01
2.3437500E+00 1.8285E-01
2.3444011E+00 1.8397E-01
2.3450521E+00 1.8484E-01
2.3457031E+00 1.8579E-01
2.3463542E+00 1.8697E-01
2.3470052E+00 1.8823E-01
2.3476563E+00 1.8986E-01
2.3483073E+00 1.9156E-01
2.3489584E+00 1.9346E-01
2.3496094E+00 1.9541E-01
2.3502604E+00 1.9718E-01
2.3509115E+00 1.9899E-01
2.3515625E+00 2.0047E-01
2.3522136E+00 2.0170E-01
2.3528646E+00 2.0253E-01
2.3535156E+00 2.0305E-01
2.3541667E+00 2.0314E-01
2.3548177E+00 2.0244E-01
2.3554688E+00 2.0178E-01
2.3561198E+00 2.0108E-01
2.3567709E+00 2.0108E-01
2.3574219E+00 2.0099E-01
2.3580729E+00 2.0079E-01
2.3587240E+00 2.0064E-01
2.3593750E+00 2.0058E-01
2.3600261E+00 2.0067E-01
2.3606771E+00 2.0063E-01
2.3613281E+00 2.0063E-01
2.3619792E+00 2.0072E-01
2.3626302E+00 2.0073E-01
2.3632813E+00 2.0082E-01
2.3639323E+00 2.0069E-01
2.3645834E+00 2.0100E-01
2.3652344E+00 2.0094E-01
2.3658854E+00 2.0102E-01
2.3665365E+00 2.0089E-01
2.3671875E+00 2.0079E-01
2.3678386E+00 2.0087E-01
2.3684896E+00 2.0069E-01
2.3691406E+00 2.0044E-01
2.3697917E+00 2.0024E-01
2.3704427E+00 1.9985E-01
2.3710938E+00 1.9940E-01
2.3717448E+00 1.9905E-01
2.3723959E+00 1.9869E-01
2.3730469E+00 1.9843E-01
2.3736979E+00 1.9842E-01
2.3743490E+00 1.9851E-01
2.3750000E+00 1.9875E-01
2.3756511E+00 1.9947E-01
2.3763021E+00 2.0032E-01
2.3769531E+00 2.0154E-01
2.3776042E+00 2.0261E-01
2.3782552E+00 2.0367E-01
2.3789063E+00 2.0472E-01
2.3795573E+00 2.0559E-01
2.3802084E+00 2.0631E-01
2.3808594E+00 2.0654E-01
2.3815104E+00 2.0660E-01
2.3821615E+00 2.0670E-01
2.3828125E+00 2.0680E-01
2.3834636E+00 2.0690E-01
2.3841146E+00 2.0691E-01
2.3847656E+00 2.0738E-01
2.3854167E+00 2.0741E-01
2.3860677E+00 2.0769E-01
2.3867188E+00 2.0762E-01
2.3873698E+00 2.0775E-01
2.3880209E+00 2.0790E-01
2.3886719E+00 2.0782E-01
2.3893229E+00 2.0791E-01
2.3899740E+00 2.0782E-01
2.3906250E+00 2.0781E-01
2.3912761E+00 2.0781E-01
2.3919271E+00 2.0767E-01
2.3925781E+00 2.0757E-01
2.3932292E+00 2.0742E-01
2.3938802E+00 2.0737E-01
2.3945313E+00 2.0662E-01
2.3951823E+00 2.0581E-01
2.3958334E+00 2.0449E-01
2.3964844E+00 2.0300E-01
2.3971354E+00 2.0121E-01
2.3977865E+00 1.9907E-01
2.3984375E+00 1.9659E-01
2.3990886E+00 1.9394E-01
2.3997396E+00 1.9109E-01
2.4003906E+00 1.8803E-01
2.4010417E+00 1.8525E-01
2.4016927E+00 1.8258E-01
2.4023438E+00 1.7922E-01
2.4029948E+00 1.7580E-01
2.4036459E+00 1.7285E-01
2.4042969E+00 1.7035E-01
2.4049479E+00 1.6808E-01
2.4055990E+00 1.6614E-01
2.4062500E+00 1.6489E-01
2.4069011E+00 1.6363E-01
2.4075521E+00 1.6294E-01
2.4082031E+00 1.6228E-01
2.4088542E+00 1.6163E-01
2.4095052E+00 1.6135E-01
2.4101563E+00 1.6147E-01
2.4108073E+00 1.6190E-01
2.4114584E+00 1.6235E-01
2.4121094E+00 1.6281E-01
2.4127604E+00 1.6321E-01
2.4134115E+00 1.6357E-01
2.4140625E+00 1.6401E-01
2.4147136E+00 1.6386E-01
2.4153646E+00 1.6389E-01
2.4160156E+00 1.6361E-01
2.4166667E+00 1.6364E-01
2.4173177E+00 1.6346E-01
2.4179688E+00 1.6330E-01
2.4186198E+00 1.6324E-01
2.4192709E+00 1.6315E-01
2.4199219E+00 1.6319E-01
2.4205729E+00 1.6324E-01
2.4212240E+00 1.6324E-01
2.4218750E+00 1.6329E-01
2.4225261E+00 1.6352E-01
2.4231771E+00 1.6359E-01
2.4238281E+00 1.6359E-01
2.4244792E+00 1.6401E-01
2.4251302E+00 1.6414E-01
2.4257813E+00 1.6433E-01
2.4264323E+00 1.6453E-01
2.4270834E+00 1.6464E-01
2.4277344E+00 1.6479E-01
2.4283854E+00 1.6489E-01
2.4290365E+00 1.6499E-01
2.4296875E+00 1.6500E-01
2.4303386E+00 1.6500E-01
2.4309896E+00 1.6495E-01
2.4316406E+00 1.6472E-01
2.4322917E+00 1.6437E-01
2.4329427E+00 1.6388E-01
2.4335938E+00 1.6319E-01
2.4342448E+00 1.6235E-01
2.4348959E+00 1.6103E-01
2.4355469E+00 1.5972E-01
2.4361979E+00 1.5818E-01
2.4368490E+00 1.5690E-01
2.4375000E+00 1.5536E-01
2.4381511E+00 1.5371E-01
2.4388021E+00 1.5233E-01
2.4394531E+00 1.5130E-01
2.4401042E+00 1.5086E-01
2.4407552E+00 1.5074E-01
2.4414063E+00 1.5059E-01
2.4420573E+00 1.5058E-01
2.4427084E+00 1.5067E-01
2.4433594E+00 1.5068E-01
2.4440104E+00 1.5072E-01
2.4446615E+00 1.5110E-01
2.4453125E+00 1.5122E-01
2.4459636E+00 1.5156E-01
2.4466146E+00 1.5163E-01
2.4472656E+00 1.5187E-01
2.4479167E+00 1.5258E-01
2.4485677E+00 1.5324E-01
2.4492188E+00 1.5418E-01
2.4498698E+00 1.5541E-01
2.4505209E+00 1.5695E-01
2.4511719E+00 1.5883E-01
2.4518229E+00 1.6097E-01
2.4524740E+00 1.6342E-01
2.4531250E+00 1.6620E-01
2.4537761E+00 1.6925E-01
2.4544271E+00 1.7194E-01
2.4550781E+00 1.7451E-01
2.4557292E+00 1.7689E-01
2.4563802E+00 1.7869E-01
2.4570313E+00 1.8022E-01
2.4576823E+00 1.8126E-01
2.4583334E+00 1.8222E-01
2.4589844E+00 1.8331E-01
2.4596354E+00 1.8470E-01
2.4602865E+00 1.8634E-01
2.4609375E+00 1.8823E-01
2.4615886E+00 1.9023E-01
2.4622396E+00 1.9234E-01
2.4628906E+00 1.9435E-01
2.4635417E+00 1.9604E-01
2.4641927E+00 1.9769E-01
2.4648438E+00 1.9935E-01
2.4654948E+00 2.0040E-01
2.4661459E+00 2.0132E-01
2.4667969E+00 2.0143E-01
2.4674479E+00 2.0139E-01
2.4680990E+00 2.0115E-01
2.4687500E+00 2.0076E-01
2.4694011E+00 2.0073E-01
2.4700521E+00 2.0068E-01
2.4707031E+00 2.0068E-01
2.4713542E+00 2.0068E-01
2.4720052E+00 2.0054E-01
2.4726563E+00 2.0048E-01
2.4733073E+00 2.0043E-01
2.4739584E+00 2.0052E-01
2.4746094E+00 2.0015E-01
2.4752604E+00 1.9994E-01
2.4759115E+00 1.9960E-01
2.4765625E+00 1.9953E-01
2.4772136E+00 1.9938E-01
2.4778646E+00 1.9909E-01
2.4785156E+00 1.9879E-01
2.4791667E+00 1.9863E-01
2.4798177E+00 1.9857E-01
2.4804688E+00 1.9843E-01
2.4811198E+00 1.9842E-01
2.4817709E+00 1.9837E-01
2.4824219E+00 1.9827E-01
2.4830729E+00 1.9822E-01
2.4837240E+00 1.9794E-01
2.4843750E+00 1.9791E-01
2.4850261E+00 1.9796E-01
2.4856771E+00 1.9796E-01
2.4863281E+00 1.9815E-01
2.4869792E+00 1.9821E-01
2.4876302E+00 1.9878E-01
2.4882813E+00 1.9952E-01
2.4889323E+00 2.0037E-01
2.4895834E+00 2.0155E-01
2.4902344E+00 2.0266E-01
2.4908854E+00 2.0400E-01
2.4915365E+00 2.0526E-01
2.4921875E+00 2.0638E-01
2.4928386E+00 2.0720E-01
2.4934896E+00 2.0782E-01
2.4941406E+00 2.0819E-01
2.4947917E+00 2.0775E-01
2.4954427E+00 2.0767E-01
2.4960938E+00 2.0734E-01
2.4967448E+00 2.0740E-01
2.4973959E+00 2.0727E-01
2.4980469E+00 2.0707E-01
2.4986979E+00 2.0701E-01
2.4993490E+00 2.0692E-01
2.5000000E+00 2.0705E-01
2.5006511E+00 2.0701E-01
2.5013021E+00 2.0710E-01
2.5019531E+00 2.0720E-01
2.5026042E+00 2.0735E-01
2.5032552E+00 2.0745E-01
2.5039063E+00 2.0742E-01
2.5045573E+00 2.0778E-01
2.5052084E+00 2.0791E-01
2.5058594E+00 2.0805E-01
2.5065104E+00 2.0802E-01
2.5071615E+00 2.0783E-01
2.5078125E+00 2.0758E-01
2.5084636E+00 2.0705E-01
2.5091146E+00 2.0598E-01
2.5097656E+00 2.0460E-01
2.5104167E+00 2.0291E-01
2.5110677E+00 2.0092E-01
2.5117188E+00 1.9863E-01
2.5123698E+00 1.9600E-01
2.5130209E+00 1.9305E-01
2.5136719E+00 1.9013E-01
2.5143229E+00 1.8736E-01
2.5149740E+00 1.8441E-01
2.5156250E+00 1.8098E-01
2.5162761E+00 1.7718E-01
2.5169271E+00 1.7439E-01
2.5175781E+00 1.7158E-01
2.5182292E+00 1.6891E-01
2.5188802E+00 1.6699E-01
2.5195313E+00 1.6551E-01
2.5201823E+00 1.6442E-01
2.5208334E+00 1.6365E-01
2.5214844E+00 1.6294E-01
2.5221354E+00 1.6242E-01
2.5227865E+00 1.6229E-01
2.5234375E+00 1.6247E-01
2.5240886E+00 1.6281E-01
2.5247396E+00 1.6368E-01
2.5253906E+00 1.6416E-01
2.5260417E+00 1.6480E-01
2.5266927E+00 1.6490E-01
2.5273438E+00 1.6518E-01
2.5279948E+00 1.6543E-01
2.5286459E+00 1.6536E-01
2.5292969E+00 1.6544E-01
2.5299479E+00 1.6536E-01
2.5305990E+00 1.6530E-01
2.5312500E+00 1.6535E-01
2.5319011E+00 1.6530E-01
2.5325521E+00 1.6521E-01
2.5332031E+00 1.6511E-01
2.5338542E+00 1.6524E-01
2.5345052E+00 1.6497E-01
2.5351563E+00 1.6486E-01
2.5358073E+00 1.6471E-01
2.5364584E+00 1.6451E-01
2.5371094E+00 1.6445E-01
2.5377604E+00 1.6435E-01
2.5384115E+00 1.6421E-01
2.5390625E+00 1.6420E-01
2.5397136E+00 1.6429E-01
2.5403646E+00 1.6434E-01
2.5410156E+00 1.6439E-01
2.5416667E+00 1.6458E-01
2.5423177E+00 1.6469E-01
2.5429688E+00 1.6488E-01
2.5436198E+00 1.6490E-01
2.5442709E+00 1.6499E-01
2.5449219E+00 1.6505E-01
2.5455729E+00 1.6477E-01
2.5462240E+00 1.6456E-01
2.5468750E+00 1.6380E-01
2.5475261E+00 1.6309E-01
2.5481771E+00 1.6220E-01
2.5488281E+00 1.6092E-01
2.5494792E+00 1.5966E-01
2.5501302E+00 1.5836E-01
2.5507813E+00 1.5696E-01
2.5514323E+00 1.5551E-01
2.5520834E+00 1.5424E-01
2.5527344E+00 1.5312E-01
2.5533854E+00 1.5257E-01
2.5540365E+00 1.5254E-01
2.5546875E+00 1.5202E-01
2.5553386E+00 1.5184E-01
2.5559896E+00 1.5146E-01
2.5566406E+00 1.5153E-01
2.5572917E+00 1.5135E-01
2.5579427E+00 1.5119E-01
2.5585938E+00 1.5123E-01
2.5592448E+00 1.5123E-01
2.5598959E+00 1.5142E-01
2.5605469E+00 1.5180E-01
2.5611979E+00 1.5249E-01
2.5618490E+00 1.5328E-01
2.5625000E+00 1.5446E-01
2.5631511E+00 1.5595E-01
2.5638021E+00 1.5773E-01
2.5644531E+00 1.5992E-01
2.5651042E+00 1.6236E-01
2.5657552E+00 1.6506E-01
2.5664063E+00 1.6805E-01
2.5670573E+00 1.7092E-01
2.5677084E+00 1.7379E-01
2.5683594E+00 1.7633E-01
2.5690104E+00 1.7847E-01
2.5696615E+00 1.8020E-01
2.5703125E+00 1.8131E-01
2.5709636E+00 1.8231E-01
2.5716146E+00 1.8323E-01
2.5722656E+00 1.8422E-01
2.5729167E+00 1.8542E-01
2.5735677E+00 1.8695E-01
2.5742188E+00 1.8874E-01
2.5748698E+00 1.9027E-01
2.5755209E+00 1.9210E-01
2.5761719E+00 1.9350E-01
2.5768229E+00 1.9518E-01
2.5774740E+00 1.9651E-01
2.5781250E+00 1.9754E-01
2.5787761E+00 1.9845E-01
2.5794271E+00 1.9898E-01
2.5800781E+00 1.9921E-01
2.5807292E+00 1.9903E-01
2.5813802E+00 1.9860E-01
2.5820313E+00 1.9819E-01
2.5826823E+00 1.9812E-01
2.5833334E+00 1.9821E-01
2.5839844E+00 1.9817E-01
2.5846354E+00 1.9859E-01
2.5852865E+00 1.9857E-01
2.5859375E+00 1.9885E-01
2.5865886E+00 1.9887E-01
2.5872396E+00 1.9892E-01
2.5878906E+00 1.9901E-01
2.5885417E+00 1.9893E-01
2.5891927E+00 1.9887E-01
2.5898438E+00 1.9882E-01
2.5904948E+00 1.9877E-01
2.5911459E+00 1.9868E-01
2.5917969E+00 1.9843E-01
2.5924479E+00 1.9837E-01
2.5930990E+00 1.9818E-01
2.5937500E+00 1.9817E-01
2.5944011E+00 1.9789E-01
2.5950521E+00 1.9754E-01
2.5957031E+00 1.9728E-01
2.5963542E+00 1.9684E-01
2.5970052E+00 1.9672E-01
2.5976563E+00 1.9634E-01
2.5983073E+00 1.9607E-01
2.5989584E+00 1.9596E-01
2.5996094E+00 1.9600E-01
2.6002604E+00 1.9619E-01
2.6009115E+00 1.9667E-01
2.6015625E+00 1.9736E-01
2.6022136E+00 1.9830E-01
2.6028646E+00 1.9953E-01
2.6035156E+00 2.0079E-01
2.6041667E+00 2.0209E-01
2.6048177E+00 2.0386E-01
2.6054688E+00 2.0511E-01
2.6061198E+00 2.0651E-01
2.6067709E+00 2.0721E-01
2.6074219E+00 2.0773E-01
2.6080729E+00 2.0786E-01
2.6087240E+00 2.0786E-01
2.6093750E+00 2.0791E-01
2.6100261E+00 2.0782E-01
2.6106771E+00 2.0777E-01
2.6113281E+00 2.0786E-01
2.6119792E+00 2.0777E-01
2.6126302E+00 2.0767E-01
2.6132813E+00 2.0762E-01
2.6139323E+00 2.0780E-01
2.6145834E+00 2.0744E-01
2.6152344E+00 2.0732E-01
2.6158854E+00 2.0712E-01
2.6165365E+00 2.0697E-01
2.6171875E+00 2.0691E-01
2.6178386E+00 2.0677E-01
2.6184896E+00 2.0657E-01
2.6191406E+00 2.0656E-01
2.6197917E+00 2.0646E-01
2.6204427E+00 2.0641E-01
2.6210938E+00 2.0617E-01
2.6217448E+00 2.0583E-01
2.6223959E+00 2.0524E-01
2.6230469E+00 2.0427E-01
2.6236979E+00 2.0289E-01
2.6243490E+00 2.0139E-01
2.6250000E+00 1.9965E-01
2.6256511E+00 1.9752E-01
2.6263021E+00 1.9526E-01
2.6269531E+00 1.9244E-01
2.6276042E+00 1.8995E-01
2.6282552E+00 1.8763E-01
2.6289063E+00 1.8499E-01
2.6295573E+00 1.8186E-01
2.6302084E+00 1.7874E-01
2.6308594E+00 1.7623E-01
2.6315104E+00 1.7377E-01
2.6321615E+00 1.7163E-01
2.6328125E+00 1.7004E-01
2.6334636E+00 1.6881E-01
2.6341146E+00 1.6793E-01
2.6347656E+00 1.6674E-01
2.6354167E+00 1.6591E-01
2.6360677E+00 1.6511E-01
2.6367188E+00 1.6505E-01
2.6373698E+00 1.6514E-01
2.6380209E+00 1.6534E-01
2.6386719E+00 1.6568E-01
2.6393229E+00 1.6598E-01
2.6399740E+00 1.6619E-01
2.6406250E+00 1.6635E-01
2.6412761E+00 1.6645E-01
2.6419271E+00 1.6650E-01
2.6425781E+00 1.6665E-01
2.6432292E+00 1.6675E-01
2.6438802E+00 1.6671E-01
2.6445313E+00 1.6708E-01
2.6451823E+00 1.6720E-01
2.6458334E+00 1.6735E-01
2.6464844E+00 1.6750E-01
2.6471354E+00 1.6751E-01
2.6477865E+00 1.6770E-01
2.6484375E+00 1.6771E-01
2.6490886E+00 1.6771E-01
2.6497396E+00 1.6771E-01
2.6503906E+00 1.6767E-01
2.6510417E+00 1.6771E-01
2.6516927E+00 1.6767E-01
2.6523438E+00 1.6766E-01
2.6529948E+00 1.6757E-01
2.6536459E+00 1.6756E-01
2.6542969E+00 1.6761E-01
2.6549479E+00 1.6738E-01
2.6555990E+00 1.6727E-01
2.6562500E+00 1.6689E-01
2.6569011E+00 1.6705E-01
2.6575521E+00 1.6683E-01
2.6582031E+00 1.6653E-01
2.6588542E+00 1.6627E-01
2.6595052E+00 1.6598E-01
2.6601563E+00 1.6549E-01
2.6608073E+00 1.6489E-01
2.6614584E+00 1.6415E-01
2.6621094E+00 1.6326E-01
2.6627604E+00 1.6230E-01
2.6634115E+00 1.6126E-01
2.6640625E+00 1.6006E-01
2.6647136E+00 1.5918E-01
2.6653646E+00 1.5805E-01
2.6660156E+00 1.5717E-01
2.6666667E+00 1.5618E-01
2.6673177E+00 1.5559E-01
2.6679688E+00 1.5546E-01
2.6686198E+00 1.5536E-01
2.6692709E+00 1.5526E-01
2.6699219E+00 1.5525E-01
2.6705729E+00 1.5520E-01
2.6712240E+00 1.5520E-01
2.6718750E+00 1.5525E-01
2.6725261E+00 1.5539E-01
2.6731771E+00 1.5536E-01
2.6738281E+00 1.5563E-01
2.6744792E+00 1.5598E-01
2.6751302E+00 1.5647E-01
2.6757813E+00 1.5721E-01
2.6764323E+00 1.5819E-01
2.6770834E+00 1.5976E-01
2.6777344E+00 1.6141E-01
2.6783854E+00 1.6330E-01
2.6790365E+00 1.6568E-01
2.6796875E+00 1.6833E-01
2.6803386E+00 1.7113E-01
2.6809896E+00 1.7390E-01
2.6816406E+00 1.7647E-01
2.6822917E+00 1.7871E-01
2.6829427E+00 1.8045E-01
2.6835938E+00 1.8156E-01
2.6842448E+00 1.8247E-01
2.6848959E+00 1.8347E-01
2.6855469E+00 1.8438E-01
2.6861979E+00 1.8561E-01
2.6868490E+00 1.8668E-01
2.6875000E+00 1.8816E-01
2.6881511E+00 1.8990E-01
2.6888021E+00 1.9161E-01
2.6894531E+00 1.9341E-01
2.6901042E+00 1.9503E-01
2.6907552E+00 1.9660E-01
2.6914063E+00 1.9797E-01
2.6920573E+00 1.9909E-01
2.6927084E+00 1.9982E-01
2.6933594E+00 2.0025E-01
2.6940104E+00 2.0037E-01
2.6946615E+00 1.9968E-01
2.6953125E+00 1.9902E-01
2.6959636E+00 1.9790E-01
2.6966146E+00 1.9730E-01
2.6972656E+00 1.9707E-01
2.6979167E+00 1.9692E-01
2.6985677E+00 1.9677E-01
2.6992188E+00 1.9671E-01
2.6998698E+00 1.9666E-01
2.7005209E+00 1.9666E-01
2.7011719E+00 1.9675E-01
2.7018229E+00 1.9676E-01
2.7024740E+00 1.9681E-01
2.7031250E+00 1.9686E-01
2.7037761E+00 1.9686E-01
2.7044271E+00 1.9709E-01
2.7050781E+00 1.9716E-01
2.7057292E+00 1.9716E-01
2.7063802E+00 1.9730E-01
2.7070313E+00 1.9712E-01
2.7076823E+00 1.9720E-01
2.7083334E+00 1.9721E-01
2.7089844E+00 1.9698E-01
2.7096354E+00 1.9691E-01
2.7102865E+00 1.9672E-01
2.7109375E+00 1.9648E-01
2.7115886E+00 1.9632E-01
2.7122396E+00 1.9612E-01
2.7128906E+00 1.9606E-01
2.7135417E+00 1.9610E-01
2.7141927E+00 1.9652E-01
2.7148438E+00 1.9660E-01
2.7154948E+00 1.9726E-01
2.7161459E+00 1.9782E-01
2.7167969E+00 1.9903E-01
2.7174479E+00 2.0005E-01
2.7180990E+00 2.0120E-01
2.7187500E+00 2.0235E-01
2.7194011E+00 2.0346E-01
2.7200521E+00 2.0452E-01
2.7207031E+00 2.0520E-01
2.7213542E+00 2.0548E-01
2.7220052E+00 2.0560E-01
2.7226563E+00 2.0570E-01
2.7233073E+00 2.0584E-01
2.7239584E+00 2.0581E-01
2.7246094E+00 2.0622E-01
2.7252604E+00 2.0635E-01
2.7259115E+00 2.0650E-01
2.7265625E+00 2.0660E-01
2.7272136E+00 2.0661E-01
2.7278646E+00 2.0675E-01
2.7285156E+00 2.0681E-01
2.7291667E+00 2.0681E-01
2.7298177E+00 2.0676E-01
2.7304688E+00 2.0681E-01
2.7311198E+00 2.0681E-01
2.7317709E+00 2.0672E-01
2.7324219E+00 2.0666E-01
2.7330729E+00 2.0656E-01
2.7337240E+00 2.0651E-01
2.7343750E+00 2.0637E-01
2.7350261E+00 2.0589E-01
2.7356771E+00 2.0539E-01
2.7363281E+00 2.0442E-01
2.7369792E+00 2.0365E-01
2.7376302E+00 2.0224E-01
2.7382813E+00 2.0046E-01
2.7389323E+00 1.9860E-01
2.7395834E+00 1.9651E-01
2.7402344E+00 1.9426E-01
2.7408854E+00 1.9195E-01
2.7415365E+00 1.8950E-01
2.7421875E+00 1.8732E-01
2.7428386E+00 1.8525E-01
2.7434896E+00 1.8263E-01
2.7441406E+00 1.7973E-01
2.7447917E+00 1.7775E-01
2.7454427E+00 1.7570E-01
2.7460938E+00 1.7397E-01
2.7467448E+00 1.7244E-01
2.7473959E+00 1.7154E-01
2.7480469E+00 1.7069E-01
2.7486979E+00 1.6970E-01
2.7493490E+00 1.6906E-01
2.7500000E+00 1.6851E-01
2.7506511E+00 1.6833E-01
2.7513021E+00 1.6850E-01
2.7519531E+00 1.6884E-01
2.7526042E+00 1.6920E-01
2.7532552E+00 1.6945E-01
2.7539063E+00 1.6985E-01
2.7545573E+00 1.6969E-01
2.7552084E+00 1.6958E-01
2.7558594E+00 1.6943E-01
2.7565104E+00 1.6919E-01
2.7571615E+00 1.6917E-01
2.7578125E+00 1.6903E-01
2.7584636E+00 1.6893E-01
2.7591146E+00 1.6883E-01
2.7597656E+00 1.6882E-01
2.7604167E+00 1.6887E-01
2.7610677E+00 1.6887E-01
2.7617188E+00 1.6896E-01
2.7623698E+00 1.6911E-01
2.7630209E+00 1.6921E-01
2.7636719E+00 1.6927E-01
2.7643229E+00 1.6946E-01
2.7649740E+00 1.6971E-01
2.7656250E+00 1.6977E-01
2.7662761E+00 1.7010E-01
2.7669271E+00 1.7003E-01
2.7675781E+00 1.7016E-01
2.7682292E+00 1.7036E-01
2.7688802E+00 1.7028E-01
2.7695313E+00 1.7032E-01
2.7701823E+00 1.7028E-01
2.7708334E+00 1.7028E-01
2.7714844E+00 1.7018E-01
2.7721354E+00 1.7004E-01
2.7727865E+00 1.6988E-01
2.7734375E+00 1.6959E-01
2.7740886E+00 1.6939E-01
2.7747396E+00 1.6867E-01
2.7753906E+00 1.6792E-01
2.7760417E+00 1.6684E-01
2.7766927E+00 1.6597E-01
2.7773438E+00 1.6488E-01
2.7779948E+00 1.6368E-01
2.7786459E+00 1.6247E-01
2.7792969E+00 1.6145E-01
2.7799479E+00 1.6054E-01
2.7805990E+00 1.5973E-01
2.7812500E+00 1.5916E-01
2.7819011E+00 1.5893E-01
2.7825521E+00 1.5892E-01
2.7832031E+00 1.5901E-01
2.7838542E+00 1.5902E-01
2.7845052E+00 1.5930E-01
2.7851563E+00 1.5941E-01
2.7858073E+00 1.5961E-01
2.7864584E+00 1.5981E-01
2.7871094E+00 1.5978E-01
2.7877604E+00 1.5996E-01
2.7884115E+00 1.6025E-01
2.7890625E+00 1.6056E-01
2.7897136E+00 1.6095E-01
2.7903646E+00 1.6154E-01
2.7910156E+00 1.6238E-01
2.7916667E+00 1.6342E-01
2.7923177E+00 1.6475E-01
2.7929688E+00 1.6615E-01
2.7936198E+00 1.6798E-01
2.7942709E+00 1.7003E-01
2.7949219E+00 1.7171E-01
2.7955729E+00 1.7361E-01
2.7962240E+00 1.7500E-01
2.7968750E+00 1.7641E-01
2.7975261E+00 1.7721E-01
2.7981771E+00 1.7754E-01
2.7988281E+00 1.7784E-01
2.7994792E+00 1.7819E-01
2.8001302E+00 1.7878E-01
2.8007813E+00 1.7929E-01
2.8014323E+00 1.8011E-01
2.8020834E+00 1.8111E-01
2.8027344E+00 1.8235E-01
2.8033854E+00 1.8360E-01
2.8040365E+00 1.8495E-01
2.8046875E+00 1.8668E-01
2.8053386E+00 1.8802E-01
2.8059896E+00 1.8951E-01
2.8066406E+00 1.9065E-01
2.8072917E+00 1.9157E-01
2.8079427E+00 1.9219E-01
2.8085938E+00 1.9233E-01
2.8092448E+00 1.9210E-01
2.8098959E+00 1.9143E-01
2.8105469E+00 1.9045E-01
2.8111979E+00 1.8968E-01
2.8118490E+00 1.8948E-01
2.8125000E+00 1.8943E-01
2.8131511E+00 1.8933E-01
2.8138021E+00 1.8937E-01
2.8144531E+00 1.8918E-01
2.8151042E+00 1.8894E-01
2.8157552E+00 1.8878E-01
2.8164063E+00 1.8844E-01
2.8170573E+00 1.8851E-01
2.8177084E+00 1.8824E-01
2.8183594E+00 1.8808E-01
2.8190104E+00 1.8793E-01
2.8196615E+00 1.8782E-01
2.8203125E+00 1.8772E-01
2.8209636E+00 1.8776E-01
2.8216146E+00 1.8776E-01
2.8222656E+00 1.8776E-01
2.8229167E+00 1.8781E-01
2.8235677E+00 1.8781E-01
2.8242188E+00 1.8781E-01
2.8248698E+00 1.8805E-01
2.8255209E+00 1.8802E-01
2.8261719E+00 1.8825E-01
2.8268229E+00 1.8831E-01
2.8274740E+00 1.8874E-01
2.8281250E+00 1.8928E-01
2.8287761E+00 1.8997E-01
2.8294271E+00 1.9091E-01
2.8300781E+00 1.9201E-01
2.8307292E+00 1.9334E-01
2.8313802E+00 1.9489E-01
2.8320313E+00 1.9640E-01
2.8326823E+00 1.9791E-01
2.8333334E+00 1.9941E-01
2.8339844E+00 2.0087E-01
2.8346354E+00 2.0154E-01
2.8352865E+00 2.0191E-01
2.8359375E+00 2.0175E-01
2.8365886E+00 2.0159E-01
2.8372396E+00 2.0158E-01
2.8378906E+00 2.0144E-01
2.8385417E+00 2.0129E-01
2.8391927E+00 2.0123E-01
2.8398438E+00 2.0132E-01
2.8404948E+00 2.0133E-01
2.8411459E+00 2.0133E-01
2.8417969E+00 2.0142E-01
2.8424479E+00 2.0153E-01
2.8430990E+00 2.0167E-01
2.8437500E+00 2.0168E-01
2.8444011E+00 2.0196E-01
2.8450521E+00 2.0217E-01
2.8457031E+00 2.0223E-01
2.8463542E+00 2.0247E-01
2.8470052E+00 2.0221E-01
2.8476563E+00 2.0219E-01
2.8483073E+00 2.0200E-01
2.8489584E+00 2.0133E-01
2.8496094E+00 2.0040E-01
2.8502604E+00 1.9907E-01
2.8509115E+00 1.9743E-01
2.8515625E+00 1.9545E-01
2.8522136E+00 1.9320E-01
2.8528646E+00 1.9075E-01
2.8535156E+00 1.8815E-01
2.8541667E+00 1.8559E-01
2.8548177E+00 1.8251E-01
2.8554688E+00 1.8009E-01
2.8561198E+00 1.7764E-01
2.8567709E+00 1.7508E-01
2.8574219E+00 1.7238E-01
2.8580729E+00 1.7023E-01
2.8587240E+00 1.6854E-01
2.8593750E+00 1.6697E-01
2.8600261E+00 1.6607E-01
2.8606771E+00 1.6549E-01
2.8613281E+00 1.6499E-01
2.8619792E+00 1.6481E-01
2.8626302E+00 1.6461E-01
2.8632813E+00 1.6460E-01
2.8639323E+00 1.6455E-01
2.8645834E+00 1.6515E-01
2.8652344E+00 1.6553E-01
2.8658854E+00 1.6583E-01
2.8665365E+00 1.6618E-01
2.8671875E+00 1.6653E-01
2.8678386E+00 1.6698E-01
2.8684896E+00 1.6748E-01
2.8691406E+00 1.6798E-01
2.8697917E+00 1.6857E-01
2.8704427E+00 1.6918E-01
2.8710938E+00 1.6987E-01
2.8717448E+00 1.7034E-01
2.8723959E+00 1.7075E-01
2.8730469E+00 1.7092E-01
2.8736979E+00 1.7098E-01
2.8743490E+00 1.7098E-01
2.8750000E+00 1.7065E-01
2.8756511E+00 1.7063E-01
2.8763021E+00 1.7025E-01
2.8769531E+00 1.7037E-01
2.8776042E+00 1.7024E-01
2.8782552E+00 1.7004E-01
2.8789063E+00 1.6993E-01
2.8795573E+00 1.6997E-01
2.8802084E+00 1.7002E-01
2.8808594E+00 1.7002E-01
2.8815104E+00 1.7012E-01
2.8821615E+00 1.7022E-01
2.8828125E+00 1.7037E-01
2.8834636E+00 1.7047E-01
2.8841146E+00 1.7048E-01
2.8847656E+00 1.7090E-01
2.8854167E+00 1.7098E-01
2.8860677E+00 1.7117E-01
2.8867188E+00 1.7113E-01
2.8873698E+00 1.7118E-01
2.8880209E+00 1.7137E-01
2.8886719E+00 1.7124E-01
2.8893229E+00 1.7118E-01
2.8899740E+00 1.7109E-01
2.8906250E+00 1.7099E-01
2.8912761E+00 1.7089E-01
2.8919271E+00 1.7079E-01
2.8925781E+00 1.7073E-01
2.8932292E+00 1.7059E-01
2.8938802E+00 1.7067E-01
2.8945313E+00 1.7049E-01
2.8951823E+00 1.7024E-01
2.8958334E+00 1.7013E-01
2.8964844E+00 1.6985E-01
2.8971354E+00 1.6987E-01
2.8977865E+00 1.6973E-01
2.8984375E+00 1.6954E-01
2.8990886E+00 1.6952E-01
2.8997396E+00 1.6948E-01
2.9003906E+00 1.6952E-01
2.9010417E+00 1.6957E-01
2.9016927E+00 1.6962E-01
2.9023438E+00 1.6981E-01
2.9029948E+00 1.7001E-01
2.9036459E+00 1.7002E-01
2.9042969E+00 1.7012E-01
2.9049479E+00 1.7059E-01
2.9055990E+00 1.7067E-01
2.9062500E+00 1.7096E-01
2.9069011E+00 1.7093E-01
2.9075521E+00 1.7102E-01
2.9082031E+00 1.7122E-01
2.9088542E+00 1.7118E-01
2.9095052E+00 1.7118E-01
2.9101563E+00 1.7113E-01
2.9108073E+00 1.7118E-01
2.9114584E+00 1.7113E-01
2.9121094E+00 1.7104E-01
2.9127604E+00 1.7094E-01
2.9134115E+00 1.7093E-01
2.9140625E+00 1.7098E-01
2.9147136E+00 1.7070E-01
2.9153646E+00 1.7068E-01
2.9160156E+00 1.7040E-01
2.9166667E+00 1.7033E-01
2.9173177E+00 1.7028E-01
2.9179688E+00 1.7009E-01
2.9186198E+00 1.6994E-01
2.9192709E+00 1.6992E-01
2.9199219E+00 1.6988E-01
2.9205729E+00 1.6997E-01
2.9212240E+00 1.6997E-01
2.9218750E+00 1.7011E-01
2.9225261E+00 1.7017E-01
2.9231771E+00 1.7032E-01
2.9238281E+00 1.7033E-01
2.9244792E+00 1.7051E-01
2.9251302E+00 1.7071E-01
2.9257813E+00 1.7078E-01
2.9264323E+00 1.7092E-01
2.9270834E+00 1.7074E-01
2.9277344E+00 1.7087E-01
2.9283854E+00 1.7088E-01
2.9290365E+00 1.7074E-01
2.9296875E+00 1.7073E-01
2.9303386E+00 1.7073E-01
2.9309896E+00 1.7064E-01
2.9316406E+00 1.7063E-01
2.9322917E+00 1.7058E-01
2.9329427E+00 1.7044E-01
2.9335938E+00 1.7038E-01
2.9342448E+00 1.7052E-01
2.9348959E+00 1.7011E-01
2.9355469E+00 1.7003E-01
2.9361979E+00 1.6975E-01
2.9368490E+00 1.6982E-01
2.9375000E+00 1.6964E-01
2.9381511E+00 1.6944E-01
2.9388021E+00 1.6942E-01
2.9394531E+00 1.6942E-01
2.9401042E+00 1.6952E-01
2.9407552E+00 1.6957E-01
2.9414063E+00 1.6967E-01
2.9420573E+00 1.6986E-01
2.9427084E+00 1.7006E-01
2.9433594E+00 1.7022E-01
2.9440104E+00 1.7027E-01
2.9446615E+00 1.7070E-01
2.9453125E+00 1.7078E-01
2.9459636E+00 1.7092E-01
2.9466146E+00 1.7112E-01
2.9472656E+00 1.7113E-01
2.9479167E+00 1.7127E-01
2.9485677E+00 1.7128E-01
2.9492188E+00 1.7133E-01
2.9498698E+00 1.7128E-01
2.9505209E+00 1.7123E-01
2.9511719E+00 1.7128E-01
2.9518229E+00 1.7123E-01
2.9524740E+00 1.7118E-01
2.9531250E+00 1.7109E-01
2.9537761E+00 1.7113E-01
2.9544271E+00 1.7099E-01
2.9550781E+00 1.7084E-01
2.9557292E+00 1.7074E-01
2.9563802E+00 1.7036E-01
2.9570313E+00 1.7051E-01
2.9576823E+00 1.7034E-01
2.9583334E+00 1.7014E-01
2.9589844E+00 1.7008E-01
2.9596354E+00 1.7003E-01
2.9602865E+00 1.7002E-01
2.9609375E+00 1.7002E-01
2.9615886E+00 1.7007E-01
2.9622396E+00 1.6998E-01
2.9628906E+00 1.6983E-01
2.9635417E+00 1.6959E-01
2.9641927E+00 1.6906E-01
2.9648438E+00 1.6874E-01
2.9654948E+00 1.6802E-01
2.9661459E+00 1.6745E-01
2.9667969E+00 1.6648E-01
2.9674479E+00 1.6566E-01
2.9680990E+00 1.6509E-01
2.9687500E+00 1.6440E-01
2.9694011E+00 1.6407E-01
2.9700521E+00 1.6400E-01
2.9707031E+00 1.6390E-01
2.9713542E+00 1.6394E-01
2.9720052E+00 1.6390E-01
2.9726563E+00 1.6375E-01
2.9733073E+00 1.6370E-01
2.9739584E+00 1.6388E-01
2.9746094E+00 1.6361E-01
2.9752604E+00 1.6355E-01
2.9759115E+00 1.6368E-01
2.9765625E+00 1.6374E-01
2.9772136E+00 1.6416E-01
2.9778646E+00 1.6466E-01
2.9785156E+00 1.6549E-01
2.9791667E+00 1.6662E-01
2.9798177E+00 1.6811E-01
2.9804688E+00 1.6999E-01
2.9811198E+00 1.7199E-01
2.9817709E+00 1.7409E-01
2.9824219E+00 1.7611E-01
2.9830729E+00 1.7779E-01
2.9837240E+00 1.7899E-01
2.9843750E+00 1.7977E-01
2.9850261E+00 1.8048E-01
2.9856771E+00 1.8085E-01
2.9863281E+00 1.8153E-01
2.9869792E+00 1.8186E-01
2.9876302E+00 1.8258E-01
2.9882813E+00 1.8357E-01
2.9889323E+00 1.8453E-01
2.9895834E+00 1.8595E-01
2.9902344E+00 1.8755E-01
2.9908854E+00 1.8939E-01
2.9915365E+00 1.9125E-01
2.9921875E+00 1.9306E-01
2.9928386E+00 1.9482E-01
2.9934896E+00 1.9644E-01
2.9941406E+00 1.9782E-01
2.9947917E+00 1.9824E-01
2.9954427E+00 1.9813E-01
2.9960938E+00 1.9770E-01
2.9967448E+00 1.9766E-01
2.9973959E+00 1.9757E-01
2.9980469E+00 1.9738E-01
2.9986979E+00 1.9717E-01
2.9993490E+00 1.9711E-01
3.0000000E+00 1.9716E-01
3.0006511E+00 1.9716E-01
3.0013021E+00 1.9716E-01
3.0019531E+00 1.9716E-01
3.0026042E+00 1.9711E-01
3.0032552E+00 1.9720E-01
3.0039063E+00 1.9707E-01
3.0045573E+00 1.9720E-01
3.0052084E+00 1.9721E-01
3.0058594E+00 1.9716E-01
3.0065104E+00 1.9711E-01
3.0071615E+00 1.9674E-01
3.0078125E+00 1.9666E-01
3.0084636E+00 1.9642E-01
3.0091146E+00 1.9594E-01
3.0097656E+00 1.9548E-01
3.0104167E+00 1.9480E-01
3.0110677E+00 1.9396E-01
3.0117188E+00 1.9310E-01
3.0123698E+00 1.9239E-01
3.0130209E+00 1.9173E-01
3.0136719E+00 1.9145E-01
3.0143229E+00 1.9176E-01
3.0149740E+00 1.9206E-01
3.0156250E+00 1.9330E-01
3.0162761E+00 1.9465E-01
3.0169271E+00 1.9643E-01
3.0175781E+00 1.9768E-01
3.0182292E+00 1.9856E-01
3.0188802E+00 1.9894E-01
3.0195313E+00 1.9888E-01
3.0201823E+00 1.9901E-01
3.0208334E+00 1.9902E-01
3.0214844E+00 1.9907E-01
3.0221354E+00 1.9916E-01
3.0227865E+00 1.9926E-01
3.0234375E+00 1.9941E-01
3.0240886E+00 1.9938E-01
3.0247396E+00 1.9984E-01
3.0253906E+00 1.9992E-01
3.0260417E+00 2.0011E-01
3.0266927E+00 2.0027E-01
3.0273438E+00 2.0037E-01
3.0279948E+00 2.0056E-01
3.0286459E+00 2.0067E-01
3.0292969E+00 2.0072E-01
3.0299479E+00 2.0078E-01
3.0305990E+00 2.0064E-01
3.0312500E+00 2.0035E-01
3.0319011E+00 1.9967E-01
3.0325521E+00 1.9864E-01
3.0332031E+00 1.9698E-01
3.0338542E+00 1.9485E-01
3.0345052E+00 1.9227E-01
3.0351563E+00 1.8919E-01
3.0358073E+00 1.8599E-01
3.0364584E+00 1.8291E-01
3.0371094E+00 1.8078E-01
3.0377604E+00 1.7872E-01
3.0384115E+00 1.7670E-01
3.0390625E+00 1.7465E-01
3.0397136E+00 1.7277E-01
3.0403646E+00 1.7129E-01
3.0410156E+00 1.7025E-01
3.0416667E+00 1.6910E-01
3.0423177E+00 1.6809E-01
3.0429688E+00 1.6746E-01
3.0436198E+00 1.6704E-01
3.0442709E+00 1.6678E-01
3.0449219E+00 1.6690E-01
3.0455729E+00 1.6686E-01
3.0462240E+00 1.6700E-01
3.0468750E+00 1.6687E-01
3.0475261E+00 1.6700E-01
3.0481771E+00 1.6710E-01
3.0488281E+00 1.6725E-01
3.0494792E+00 1.6763E-01
3.0501302E+00 1.6804E-01
3.0507813E+00 1.6872E-01
3.0514323E+00 1.6975E-01
3.0520834E+00 1.7090E-01
3.0527344E+00 1.7233E-01
3.0533854E+00 1.7398E-01
3.0540365E+00 1.7615E-01
3.0546875E+00 1.7808E-01
3.0553386E+00 1.8031E-01
3.0559896E+00 1.8234E-01
3.0566406E+00 1.8421E-01
3.0572917E+00 1.8575E-01
3.0579427E+00 1.8669E-01
3.0585938E+00 1.8732E-01
3.0592448E+00 1.8769E-01
3.0598959E+00 1.8813E-01
3.0605469E+00 1.8868E-01
3.0611979E+00 1.8928E-01
3.0618490E+00 1.9007E-01
3.0625000E+00 1.9110E-01
3.0631511E+00 1.9235E-01
3.0638021E+00 1.9370E-01
3.0644531E+00 1.9529E-01
3.0651042E+00 1.9699E-01
3.0657552E+00 1.9846E-01
3.0664063E+00 2.0006E-01
3.0670573E+00 2.0092E-01
3.0677084E+00 2.0173E-01
3.0683594E+00 2.0216E-01
3.0690104E+00 2.0181E-01
3.0696615E+00 2.0108E-01
3.0703125E+00 1.9986E-01
3.0709636E+00 1.9842E-01
3.0716146E+00 1.9729E-01
3.0722656E+00 1.9688E-01
3.0729167E+00 1.9672E-01
3.0735677E+00 1.9657E-01
3.0742188E+00 1.9670E-01
3.0748698E+00 1.9624E-01
3.0755209E+00 1.9611E-01
3.0761719E+00 1.9564E-01
3.0768229E+00 1.9570E-01
3.0774740E+00 1.9538E-01
3.0781250E+00 1.9512E-01
3.0787761E+00 1.9496E-01
3.0794271E+00 1.9472E-01
3.0800781E+00 1.9456E-01
3.0807292E+00 1.9436E-01
3.0813802E+00 1.9430E-01
3.0820313E+00 1.9420E-01
3.0826823E+00 1.9410E-01
3.0833334E+00 1.9400E-01
3.0839844E+00 1.9371E-01
3.0846354E+00 1.9369E-01
3.0852865E+00 1.9346E-01
3.0859375E+00 1.9321E-01
3.0865886E+00 1.9319E-01
3.0872396E+00 1.9310E-01
3.0878906E+00 1.9342E-01
3.0885417E+00 1.9391E-01
3.0891927E+00 1.9478E-01
3.0898438E+00 1.9597E-01
3.0904948E+00 1.9736E-01
3.0911459E+00 1.9886E-01
3.0917969E+00 2.0042E-01
3.0924479E+00 2.0188E-01
3.0930990E+00 2.0320E-01
3.0937500E+00 2.0422E-01
3.0944011E+00 2.0476E-01
3.0950521E+00 2.0447E-01
3.0957031E+00 2.0440E-01
3.0963542E+00 2.0402E-01
3.0970052E+00 2.0409E-01
3.0976563E+00 2.0400E-01
3.0983073E+00 2.0381E-01
3.0989584E+00 2.0370E-01
3.0996094E+00 2.0365E-01
3.1002604E+00 2.0369E-01
3.1009115E+00 2.0379E-01
3.1015625E+00 2.0384E-01
3.1022136E+00 2.0394E-01
3.1028646E+00 2.0404E-01
3.1035156E+00 2.0418E-01
3.1041667E+00 2.0415E-01
3.1048177E+00 2.0457E-01
3.1054688E+00 2.0450E-01
3.1061198E+00 2.0459E-01
3.1067709E+00 2.0422E-01
3.1074219E+00 2.0359E-01
3.1080729E+00 2.0275E-01
3.1087240E+00 2.0129E-01
3.1093750E+00 1.9941E-01
3.1100261E+00 1.9727E-01
3.1106771E+00 1.9483E-01
3.1113281E+00 1.9213E-01
3.1119792E+00 1.8914E-01
3.1126302E+00 1.8579E-01
3.1132813E+00 1.8285E-01
3.1139323E+00 1.8035E-01
3.1145834E+00 1.7742E-01
3.1152344E+00 1.7409E-01
3.1158854E+00 1.7100E-01
3.1165365E+00 1.6826E-01
3.1171875E+00 1.6611E-01
3.1178386E+00 1.6390E-01
3.1184896E+00 1.6197E-01
3.1191406E+00 1.6076E-01
3.1197917E+00 1.6003E-01
3.1204427E+00 1.5960E-01
3.1210938E+00 1.5934E-01
3.1217448E+00 1.5932E-01
3.1223959E+00 1.5927E-01
3.1230469E+00 1.5941E-01
3.1236979E+00 1.5984E-01
3.1243490E+00 1.6029E-01
3.1250000E+00 1.6112E-01
3.1256511E+00 1.6179E-01
3.1263021E+00 1.6281E-01
3.1269531E+00 1.6368E-01
3.1276042E+00 1.6496E-01
3.1282552E+00 1.6640E-01
3.1289063E+00 1.6781E-01
3.1295573E+00 1.6945E-01
3.1302084E+00 1.7088E-01
3.1308594E+00 1.7215E-01
3.1315104E+00 1.7312E-01
3.1321615E+00 1.7356E-01
3.1328125E+00 1.7373E-01
3.1334636E+00 1.7384E-01
3.1341146E+00 1.7408E-01
3.1347656E+00 1.7382E-01
3.1354167E+00 1.7384E-01
3.1360677E+00 1.7375E-01
3.1367188E+00 1.7384E-01
3.1373698E+00 1.7408E-01
3.1380209E+00 1.7438E-01
3.1386719E+00 1.7486E-01
3.1393229E+00 1.7569E-01
3.1399740E+00 1.7683E-01
3.1406250E+00 1.7822E-01
3.1412761E+00 1.7981E-01
3.1419271E+00 1.8151E-01
3.1425781E+00 1.8313E-01
3.1432292E+00 1.8464E-01
3.1438802E+00 1.8573E-01
3.1445313E+00 1.8650E-01
3.1451823E+00 1.8679E-01
3.1458334E+00 1.8639E-01
3.1464844E+00 1.8645E-01
3.1471354E+00 1.8632E-01
3.1477865E+00 1.8640E-01
3.1484375E+00 1.8650E-01
3.1490886E+00 1.8641E-01
3.1497396E+00 1.8641E-01
3.1503906E+00 1.8636E-01
3.1510417E+00 1.8631E-01
3.1516927E+00 1.8617E-01
3.1523438E+00 1.8606E-01
3.1529948E+00 1.8596E-01
3.1536459E+00 1.8586E-01
3.1542969E+00 1.8595E-01
3.1549479E+00 1.8549E-01
3.1555990E+00 1.8527E-01
3.1562500E+00 1.8497E-01
3.1569011E+00 1.8495E-01
3.1575521E+00 1.8472E-01
3.1582031E+00 1.8446E-01
3.1588542E+00 1.8435E-01
3.1595052E+00 1.8416E-01
3.1601563E+00 1.8401E-01
3.1608073E+00 1.8399E-01
3.1614584E+00 1.8409E-01
3.1621094E+00 1.8447E-01
3.1627604E+00 1.8492E-01
3.1634115E+00 1.8570E-01
3.1640625E+00 1.8664E-01
3.1647136E+00 1.8825E-01
3.1653646E+00 1.8981E-01
3.1660156E+00 1.9165E-01
3.1666667E+00 1.9365E-01
3.1673177E+00 1.9561E-01
3.1679688E+00 1.9771E-01
3.1686198E+00 1.9954E-01
3.1692709E+00 2.0093E-01
3.1699219E+00 2.0168E-01
3.1705729E+00 2.0183E-01
3.1712240E+00 2.0193E-01
3.1718750E+00 2.0184E-01
3.1725261E+00 2.0183E-01
3.1731771E+00 2.0174E-01
3.1738281E+00 2.0178E-01
3.1744792E+00 2.0178E-01
3.1751302E+00 2.0150E-01
3.1757813E+00 2.0144E-01
3.1764323E+00 2.0120E-01
3.1770834E+00 2.0137E-01
3.1777344E+00 2.0129E-01
3.1783854E+00 2.0114E-01
3.1790365E+00 2.0113E-01
3.1796875E+00 2.0113E-01
3.1803386E+00 2.0099E-01
3.1809896E+00 2.0070E-01
3.1816406E+00 2.0007E-01
3.1822917E+00 1.9914E-01
3.1829427E+00 1.9767E-01
3.1835938E+00 1.9593E-01
3.1842448E+00 1.9375E-01
3.1848959E+00 1.9177E-01
3.1855469E+00 1.8925E-01
3.1861979E+00 1.8660E-01
3.1868490E+00 1.8347E-01
3.1875000E+00 1.8100E-01
3.1881511E+00 1.7910E-01
3.1888021E+00 1.7682E-01
3.1894531E+00 1.7447E-01
3.1901042E+00 1.7224E-01
3.1907552E+00 1.7045E-01
3.1914063E+00 1.6897E-01
3.1920573E+00 1.6738E-01
3.1927084E+00 1.6600E-01
3.1933594E+00 1.6502E-01
3.1940104E+00 1.6448E-01
3.1946615E+00 1.6375E-01
3.1953125E+00 1.6332E-01
3.1959636E+00 1.6310E-01
3.1966146E+00 1.6276E-01
3.1972656E+00 1.6269E-01
3.1979167E+00 1.6255E-01
3.1985677E+00 1.6254E-01
3.1992188E+00 1.6291E-01
3.1998698E+00 1.6336E-01
3.2005209E+00 1.6409E-01
3.2011719E+00 1.6508E-01
3.2018229E+00 1.6622E-01
3.2024740E+00 1.6766E-01
3.2031250E+00 1.6935E-01
3.2037761E+00 1.7115E-01
3.2044271E+00 1.7324E-01
3.2050781E+00 1.7549E-01
3.2057292E+00 1.7742E-01
3.2063802E+00 1.7933E-01
3.2070313E+00 1.8050E-01
3.2076823E+00 1.8142E-01
3.2083334E+00 1.8204E-01
3.2089844E+00 1.8227E-01
3.2096354E+00 1.8261E-01
3.2102865E+00 1.8282E-01
3.2109375E+00 1.8331E-01
3.2115886E+00 1.8371E-01
3.2122396E+00 1.8426E-01
3.2128906E+00 1.8500E-01
3.2135417E+00 1.8589E-01
3.2141927E+00 1.8712E-01
3.2148438E+00 1.8814E-01
3.2154948E+00 1.8934E-01
3.2161459E+00 1.9040E-01
3.2167969E+00 1.9164E-01
3.2174479E+00 1.9271E-01
3.2180990E+00 1.9326E-01
3.2187500E+00 1.9348E-01
3.2194011E+00 1.9340E-01
3.2200521E+00 1.9279E-01
3.2207031E+00 1.9171E-01
3.2213542E+00 1.9051E-01
3.2220052E+00 1.9001E-01
3.2226563E+00 1.8993E-01
3.2233073E+00 1.9006E-01
3.2239584E+00 1.8998E-01
3.2246094E+00 1.9025E-01
3.2252604E+00 1.9042E-01
3.2259115E+00 1.9047E-01
3.2265625E+00 1.9062E-01
3.2272136E+00 1.9053E-01
3.2278646E+00 1.9062E-01
3.2285156E+00 1.9058E-01
3.2291667E+00 1.9048E-01
3.2298177E+00 1.9048E-01
3.2304688E+00 1.9029E-01
3.2311198E+00 1.9018E-01
3.2317709E+00 1.9008E-01
3.2324219E+00 1.8998E-01
3.2330729E+00 1.8974E-01
3.2337240E+00 1.8958E-01
3.2343750E+00 1.8962E-01
3.2350261E+00 1.8897E-01
3.2356771E+00 1.8869E-01
3.2363281E+00 1.8829E-01
3.2369792E+00 1.8850E-01
3.2376302E+00 1.8856E-01
3.2382813E+00 1.8871E-01
3.2389323E+00 1.8932E-01
3.2395834E+00 1.9026E-01
3.2402344E+00 1.9159E-01
3.2408854E+00 1.9299E-01
3.2415365E+00 1.9458E-01
3.2421875E+00 1.9638E-01
3.2428386E+00 1.9819E-01
3.2434896E+00 1.9995E-01
3.2441406E+00 2.0124E-01
3.2447917E+00 2.0268E-01
3.2454427E+00 2.0302E-01
3.2460938E+00 2.0323E-01
3.2467448E+00 2.0333E-01
3.2473959E+00 2.0339E-01
3.2480469E+00 2.0353E-01
3.2486979E+00 2.0359E-01
3.2493490E+00 2.0359E-01
3.2500000E+00 2.0355E-01
3.2506511E+00 2.0354E-01
3.2513021E+00 2.0359E-01
3.2519531E+00 2.0355E-01
3.2526042E+00 2.0354E-01
3.2532552E+00 2.0345E-01
3.2539063E+00 2.0349E-01
3.2545573E+00 2.0340E-01
3.2552084E+00 2.0311E-01
3.2558594E+00 2.0290E-01
3.2565104E+00 2.0252E-01
3.2571615E+00 2.0239E-01
3.2578125E+00 2.0178E-01
3.2584636E+00 2.0085E-01
3.2591146E+00 1.9971E-01
3.2597656E+00 1.9808E-01
3.2604167E+00 1.9629E-01
3.2610677E+00 1.9420E-01
3.2617188E+00 1.9185E-01
3.2623698E+00 1.8926E-01
3.2630209E+00 1.8665E-01
3.2636719E+00 1.8361E-01
3.2643229E+00 1.8092E-01
3.2649740E+00 1.7886E-01
3.2656250E+00 1.7625E-01
3.2662761E+00 1.7363E-01
3.2669271E+00 1.7088E-01
3.2675781E+00 1.6881E-01
3.2682292E+00 1.6708E-01
3.2688802E+00 1.6542E-01
3.2695313E+00 1.6428E-01
3.2701823E+00 1.6354E-01
3.2708334E+00 1.6298E-01
3.2714844E+00 1.6266E-01
3.2721354E+00 1.6245E-01
3.2727865E+00 1.6220E-01
3.2734375E+00 1.6209E-01
3.2740886E+00 1.6232E-01
3.2747396E+00 1.6234E-01
3.2753906E+00 1.6243E-01
3.2760417E+00 1.6258E-01
3.2766927E+00 1.6287E-01
3.2773438E+00 1.6340E-01
3.2779948E+00 1.6395E-01
3.2786459E+00 1.6465E-01
3.2792969E+00 1.6558E-01
3.2799479E+00 1.6677E-01
3.2805990E+00 1.6807E-01
3.2812500E+00 1.6928E-01
3.2819011E+00 1.7040E-01
3.2825521E+00 1.7127E-01
3.2832031E+00 1.7180E-01
3.2838542E+00 1.7202E-01
3.2845052E+00 1.7217E-01
3.2851563E+00 1.7256E-01
3.2858073E+00 1.7263E-01
3.2864584E+00 1.7296E-01
3.2871094E+00 1.7299E-01
3.2877604E+00 1.7318E-01
3.2884115E+00 1.7333E-01
3.2890625E+00 1.7339E-01
3.2897136E+00 1.7358E-01
3.2903646E+00 1.7373E-01
3.2910156E+00 1.7402E-01
3.2916667E+00 1.7442E-01
3.2923177E+00 1.7487E-01
3.2929688E+00 1.7532E-01
3.2936198E+00 1.7577E-01
3.2942709E+00 1.7636E-01
3.2949219E+00 1.7641E-01
3.2955729E+00 1.7636E-01
3.2962240E+00 1.7575E-01
3.2968750E+00 1.7496E-01
3.2975261E+00 1.7359E-01
3.2981771E+00 1.7172E-01
3.2988281E+00 1.6986E-01
3.2994792E+00 1.6786E-01
3.3001302E+00 1.6641E-01
3.3007813E+00 1.6561E-01
3.3014323E+00 1.6518E-01
3.3020834E+00 1.6501E-01
3.3027344E+00 1.6481E-01
3.3033854E+00 1.6485E-01
3.3040365E+00 1.6480E-01
3.3046875E+00 1.6513E-01
3.3053386E+00 1.6524E-01
3.3059896E+00 1.6530E-01
3.3066406E+00 1.6539E-01
3.3072917E+00 1.6536E-01
3.3079427E+00 1.6549E-01
3.3085938E+00 1.6550E-01
3.3092448E+00 1.6550E-01
3.3098959E+00 1.6555E-01
3.3105469E+00 1.6541E-01
3.3111979E+00 1.6550E-01
3.3118490E+00 1.6569E-01
3.3125000E+00 1.6603E-01
3.3131511E+00 1.6652E-01
3.3138021E+00 1.6740E-01
3.3144531E+00 1.6853E-01
3.3151042E+00 1.6964E-01
3.3157552E+00 1.7126E-01
3.3164063E+00 1.7283E-01
3.3170573E+00 1.7518E-01
3.3177084E+00 1.7745E-01
3.3183594E+00 1.7971E-01
3.3190104E+00 1.8197E-01
3.3196615E+00 1.8409E-01
3.3203125E+00 1.8574E-01
3.3209636E+00 1.8693E-01
3.3216146E+00 1.8762E-01
3.3222656E+00 1.8822E-01
3.3229167E+00 1.8883E-01
3.3235677E+00 1.8943E-01
3.3242188E+00 1.9003E-01
3.3248698E+00 1.9124E-01
3.3255209E+00 1.9222E-01
3.3261719E+00 1.9359E-01
3.3268229E+00 1.9481E-01
3.3274740E+00 1.9625E-01
3.3281250E+00 1.9776E-01
3.3287761E+00 1.9903E-01
3.3294271E+00 2.0015E-01
3.3300781E+00 2.0107E-01
3.3307292E+00 2.0164E-01
3.3313802E+00 2.0173E-01
3.3320313E+00 2.0136E-01
3.3326823E+00 2.0059E-01
3.3333334E+00 1.9936E-01
3.3339844E+00 1.9811E-01
3.3346354E+00 1.9657E-01
3.3352865E+00 1.9520E-01
3.3359375E+00 1.9449E-01
3.3365886E+00 1.9407E-01
3.3372396E+00 1.9404E-01
3.3378906E+00 1.9377E-01
3.3385417E+00 1.9351E-01
3.3391927E+00 1.9335E-01
3.3398438E+00 1.9329E-01
3.3404948E+00 1.9324E-01
3.3411459E+00 1.9319E-01
3.3417969E+00 1.9314E-01
3.3424479E+00 1.9314E-01
3.3430990E+00 1.9323E-01
3.3437500E+00 1.9315E-01
3.3444011E+00 1.9305E-01
3.3450521E+00 1.9337E-01
3.3457031E+00 1.9334E-01
3.3463542E+00 1.9348E-01
3.3470052E+00 1.9326E-01
3.3476563E+00 1.9315E-01
3.3483073E+00 1.9305E-01
3.3489584E+00 1.9281E-01
3.3496094E+00 1.9279E-01
3.3502604E+00 1.9284E-01
3.3509115E+00 1.9298E-01
3.3515625E+00 1.9336E-01
3.3522136E+00 1.9400E-01
3.3528646E+00 1.9484E-01
3.3535156E+00 1.9593E-01
3.3541667E+00 1.9745E-01
3.3548177E+00 1.9859E-01
3.3554688E+00 1.9997E-01
3.3561198E+00 2.0129E-01
3.3567709E+00 2.0255E-01
3.3574219E+00 2.0366E-01
3.3580729E+00 2.0430E-01
3.3587240E+00 2.0425E-01
3.3593750E+00 2.0429E-01
3.3600261E+00 2.0430E-01
3.3606771E+00 2.0439E-01
3.3613281E+00 2.0435E-01
3.3619792E+00 2.0444E-01
3.3626302E+00 2.0459E-01
3.3632813E+00 2.0464E-01
3.3639323E+00 2.0474E-01
3.3645834E+00 2.0494E-01
3.3652344E+00 2.0523E-01
3.3658854E+00 2.0530E-01
3.3665365E+00 2.0558E-01
3.3671875E+00 2.0551E-01
3.3678386E+00 2.0564E-01
3.3684896E+00 2.0575E-01
3.3691406E+00 2.0566E-01
3.3697917E+00 2.0561E-01
3.3704427E+00 2.0542E-01
3.3710938E+00 2.0508E-01
3.3717448E+00 2.0440E-01
3.3723959E+00 2.0351E-01
3.3730469E+00 2.0209E-01
3.3736979E+00 2.0035E-01
3.3743490E+00 1.9855E-01
3.3750000E+00 1.9590E-01
3.3756511E+00 1.9323E-01
3.3763021E+00 1.9020E-01
3.3769531E+00 1.8718E-01
3.3776042E+00 1.8416E-01
3.3782552E+00 1.8133E-01
3.3789063E+00 1.7852E-01
3.3795573E+00 1.7529E-01
3.3802084E+00 1.7225E-01
3.3808594E+00 1.6980E-01
3.3815104E+00 1.6757E-01
3.3821615E+00 1.6564E-01
3.3828125E+00 1.6424E-01
3.3834636E+00 1.6335E-01
3.3841146E+00 1.6250E-01
3.3847656E+00 1.6239E-01
3.3854167E+00 1.6215E-01
3.3860677E+00 1.6195E-01
3.3867188E+00 1.6203E-01
3.3873698E+00 1.6231E-01
3.3880209E+00 1.6285E-01
3.3886719E+00 1.6312E-01
3.3893229E+00 1.6365E-01
3.3899740E+00 1.6411E-01
3.3906250E+00 1.6470E-01
3.3912761E+00 1.6545E-01
3.3919271E+00 1.6629E-01
3.3925781E+00 1.6715E-01
3.3932292E+00 1.6796E-01
3.3938802E+00 1.6867E-01
3.3945313E+00 1.6904E-01
3.3951823E+00 1.6893E-01
3.3958334E+00 1.6892E-01
3.3964844E+00 1.6859E-01
3.3971354E+00 1.6871E-01
3.3977865E+00 1.6858E-01
3.3984375E+00 1.6838E-01
3.3990886E+00 1.6832E-01
3.3997396E+00 1.6832E-01
3.4003906E+00 1.6836E-01
3.4010417E+00 1.6846E-01
3.4016927E+00 1.6856E-01
3.4023438E+00 1.6871E-01
3.4029948E+00 1.6890E-01
3.4036459E+00 1.6911E-01
3.4042969E+00 1.6926E-01
3.4049479E+00 1.6983E-01
3.4055990E+00 1.7011E-01
3.4062500E+00 1.7073E-01
3.4069011E+00 1.7097E-01
3.4075521E+00 1.7126E-01
3.4082031E+00 1.7156E-01
3.4088542E+00 1.7135E-01
3.4095052E+00 1.7096E-01
3.4101563E+00 1.7023E-01
3.4108073E+00 1.6910E-01
3.4114584E+00 1.6762E-01
3.4121094E+00 1.6583E-01
3.4127604E+00 1.6407E-01
3.4134115E+00 1.6217E-01
3.4140625E+00 1.6045E-01
3.4147136E+00 1.5916E-01
3.4153646E+00 1.5842E-01
3.4160156E+00 1.5790E-01
3.4166667E+00 1.5730E-01
3.4173177E+00 1.5717E-01
3.4179688E+00 1.5688E-01
3.4186198E+00 1.5667E-01
3.4192709E+00 1.5661E-01
3.4199219E+00 1.5656E-01
3.4205729E+00 1.5651E-01
3.4212240E+00 1.5655E-01
3.4218750E+00 1.5660E-01
3.4225261E+00 1.5684E-01
3.4231771E+00 1.5700E-01
3.4238281E+00 1.5701E-01
3.4244792E+00 1.5729E-01
3.4251302E+00 1.5801E-01
3.4257813E+00 1.5862E-01
3.4264323E+00 1.5969E-01
3.4270834E+00 1.6071E-01
3.4277344E+00 1.6222E-01
3.4283854E+00 1.6406E-01
3.4290365E+00 1.6601E-01
3.4296875E+00 1.6830E-01
3.4303386E+00 1.7075E-01
3.4309896E+00 1.7340E-01
3.4316406E+00 1.7606E-01
3.4322917E+00 1.7849E-01
3.4329427E+00 1.8063E-01
3.4335938E+00 1.8232E-01
3.4342448E+00 1.8374E-01
3.4348959E+00 1.8440E-01
3.4355469E+00 1.8515E-01
3.4361979E+00 1.8576E-01
3.4368490E+00 1.8674E-01
3.4375000E+00 1.8788E-01
3.4381511E+00 1.8908E-01
3.4388021E+00 1.9048E-01
3.4394531E+00 1.9207E-01
3.4401042E+00 1.9368E-01
3.4407552E+00 1.9515E-01
3.4414063E+00 1.9646E-01
3.4420573E+00 1.9772E-01
3.4427084E+00 1.9870E-01
3.4433594E+00 1.9942E-01
3.4440104E+00 1.9961E-01
3.4446615E+00 1.9962E-01
3.4453125E+00 1.9934E-01
3.4459636E+00 1.9881E-01
3.4466146E+00 1.9816E-01
3.4472656E+00 1.9709E-01
3.4479167E+00 1.9654E-01
3.4485677E+00 1.9641E-01
3.4492188E+00 1.9631E-01
3.4498698E+00 1.9640E-01
3.4505209E+00 1.9627E-01
3.4511719E+00 1.9626E-01
3.4518229E+00 1.9616E-01
3.4524740E+00 1.9611E-01
3.4531250E+00 1.9587E-01
3.4537761E+00 1.9576E-01
3.4544271E+00 1.9580E-01
3.4550781E+00 1.9538E-01
3.4557292E+00 1.9516E-01
3.4563802E+00 1.9478E-01
3.4570313E+00 1.9470E-01
3.4576823E+00 1.9442E-01
3.4583334E+00 1.9421E-01
3.4589844E+00 1.9401E-01
3.4596354E+00 1.9381E-01
3.4602865E+00 1.9375E-01
3.4609375E+00 1.9356E-01
3.4615886E+00 1.9331E-01
3.4622396E+00 1.9334E-01
3.4628906E+00 1.9348E-01
3.4635417E+00 1.9368E-01
3.4641927E+00 1.9383E-01
3.4648438E+00 1.9468E-01
3.4654948E+00 1.9554E-01
3.4661459E+00 1.9668E-01
3.4667969E+00 1.9788E-01
3.4674479E+00 1.9922E-01
3.4680990E+00 2.0077E-01
3.4687500E+00 2.0223E-01
3.4694011E+00 2.0374E-01
3.4700521E+00 2.0496E-01
3.4707031E+00 2.0589E-01
3.4713542E+00 2.0651E-01
3.4720052E+00 2.0656E-01
3.4726563E+00 2.0656E-01
3.4733073E+00 2.0642E-01
3.4739584E+00 2.0650E-01
3.4746094E+00 2.0641E-01
3.4752604E+00 2.0617E-01
3.4759115E+00 2.0602E-01
3.4765625E+00 2.0568E-01
3.4772136E+00 2.0584E-01
3.4778646E+00 2.0567E-01
3.4785156E+00 2.0547E-01
3.4791667E+00 2.0541E-01
3.4798177E+00 2.0536E-01
3.4804688E+00 2.0540E-01
3.4811198E+00 2.0545E-01
3.4817709E+00 2.0545E-01
3.4824219E+00 2.0555E-01
3.4830729E+00 2.0565E-01
3.4837240E+00 2.0556E-01
3.4843750E+00 2.0532E-01
3.4850261E+00 2.0530E-01
3.4856771E+00 2.0465E-01
3.4863281E+00 2.0380E-01
3.4869792E+00 2.0220E-01
3.4876302E+00 2.0050E-01
3.4882813E+00 1.9860E-01
3.4889323E+00 1.9618E-01
3.4895834E+00 1.9358E-01
3.4902344E+00 1.9069E-01
3.4908854E+00 1.8777E-01
3.4915365E+00 1.8514E-01
3.4921875E+00 1.8252E-01
3.4928386E+00 1.7935E-01
3.4934896E+00 1.7600E-01
3.4941406E+00 1.7347E-01
3.4947917E+00 1.7096E-01
3.4954427E+00 1.6859E-01
3.4960938E+00 1.6688E-01
3.4967448E+00 1.6555E-01
3.4973959E+00 1.6457E-01
3.4980469E+00 1.6384E-01
3.4986979E+00 1.6309E-01
3.4993490E+00 1.6253E-01
3.5000000E+00 1.6239E-01
3.5006511E+00 1.6271E-01
3.5013021E+00 1.6306E-01
3.5019531E+00 1.6356E-01
3.5026042E+00 1.6420E-01
3.5032552E+00 1.6495E-01
3.5039063E+00 1.6565E-01
3.5045573E+00 1.6645E-01
3.5052084E+00 1.6749E-01
3.5058594E+00 1.6812E-01
3.5065104E+00 1.6882E-01
3.5071615E+00 1.6892E-01
3.5078125E+00 1.6906E-01
3.5084636E+00 1.6916E-01
3.5091146E+00 1.6917E-01
3.5097656E+00 1.6917E-01
3.5104167E+00 1.6912E-01
3.5110677E+00 1.6912E-01
3.5117188E+00 1.6912E-01
3.5123698E+00 1.6903E-01
3.5130209E+00 1.6902E-01
3.5136719E+00 1.6893E-01
3.5143229E+00 1.6911E-01
3.5149740E+00 1.6879E-01
3.5156250E+00 1.6872E-01
3.5162761E+00 1.6844E-01
3.5169271E+00 1.6851E-01
3.5175781E+00 1.6847E-01
3.5182292E+00 1.6837E-01
3.5188802E+00 1.6827E-01
3.5195313E+00 1.6831E-01
3.5201823E+00 1.6836E-01
3.5208334E+00 1.6841E-01
3.5214844E+00 1.6832E-01
3.5221354E+00 1.6822E-01
3.5227865E+00 1.6794E-01
3.5234375E+00 1.6749E-01
3.5240886E+00 1.6672E-01
3.5247396E+00 1.6605E-01
3.5253906E+00 1.6512E-01
3.5260417E+00 1.6388E-01
3.5266927E+00 1.6267E-01
3.5273438E+00 1.6119E-01
3.5279948E+00 1.5973E-01
3.5286459E+00 1.5832E-01
3.5292969E+00 1.5677E-01
3.5299479E+00 1.5573E-01
3.5305990E+00 1.5514E-01
3.5312500E+00 1.5482E-01
3.5319011E+00 1.5443E-01
3.5325521E+00 1.5421E-01
3.5332031E+00 1.5406E-01
3.5338542E+00 1.5400E-01
3.5345052E+00 1.5399E-01
3.5351563E+00 1.5367E-01
3.5358073E+00 1.5369E-01
3.5364584E+00 1.5337E-01
3.5371094E+00 1.5343E-01
3.5377604E+00 1.5344E-01
3.5384115E+00 1.5363E-01
3.5390625E+00 1.5416E-01
3.5397136E+00 1.5485E-01
3.5403646E+00 1.5602E-01
3.5410156E+00 1.5746E-01
3.5416667E+00 1.5919E-01
3.5423177E+00 1.6133E-01
3.5429688E+00 1.6377E-01
3.5436198E+00 1.6651E-01
3.5442709E+00 1.6937E-01
3.5449219E+00 1.7251E-01
3.5455729E+00 1.7530E-01
3.5462240E+00 1.7793E-01
3.5468750E+00 1.7998E-01
3.5475261E+00 1.8152E-01
3.5481771E+00 1.8289E-01
3.5488281E+00 1.8397E-01
3.5494792E+00 1.8498E-01
3.5501302E+00 1.8622E-01
3.5507813E+00 1.8766E-01
3.5514323E+00 1.8926E-01
3.5520834E+00 1.9091E-01
3.5527344E+00 1.9266E-01
3.5533854E+00 1.9419E-01
3.5540365E+00 1.9570E-01
3.5546875E+00 1.9688E-01
3.5553386E+00 1.9775E-01
3.5559896E+00 1.9851E-01
3.5566406E+00 1.9880E-01
3.5572917E+00 1.9896E-01
3.5579427E+00 1.9864E-01
3.5585938E+00 1.9787E-01
3.5592448E+00 1.9725E-01
3.5598959E+00 1.9646E-01
3.5605469E+00 1.9585E-01
3.5611979E+00 1.9571E-01
3.5618490E+00 1.9575E-01
3.5625000E+00 1.9580E-01
3.5631511E+00 1.9599E-01
3.5638021E+00 1.9600E-01
3.5644531E+00 1.9600E-01
3.5651042E+00 1.9638E-01
3.5657552E+00 1.9641E-01
3.5664063E+00 1.9664E-01
3.5670573E+00 1.9647E-01
3.5677084E+00 1.9655E-01
3.5683594E+00 1.9660E-01
3.5690104E+00 1.9647E-01
3.5696615E+00 1.9641E-01
3.5703125E+00 1.9627E-01
3.5709636E+00 1.9616E-01
3.5716146E+00 1.9611E-01
3.5722656E+00 1.9597E-01
3.5729167E+00 1.9572E-01
3.5735677E+00 1.9556E-01
3.5742188E+00 1.9546E-01
3.5748698E+00 1.9499E-01
3.5755209E+00 1.9472E-01
3.5761719E+00 1.9451E-01
3.5768229E+00 1.9450E-01
3.5774740E+00 1.9459E-01
3.5781250E+00 1.9488E-01
3.5787761E+00 1.9541E-01
3.5794271E+00 1.9615E-01
3.5800781E+00 1.9723E-01
3.5807292E+00 1.9848E-01
3.5813802E+00 1.9987E-01
3.5820313E+00 2.0137E-01
3.5826823E+00 2.0283E-01
3.5833334E+00 2.0415E-01
3.5839844E+00 2.0518E-01
3.5846354E+00 2.0600E-01
3.5852865E+00 2.0647E-01
3.5859375E+00 2.0651E-01
3.5865886E+00 2.0683E-01
3.5872396E+00 2.0672E-01
3.5878906E+00 2.0685E-01
3.5885417E+00 2.0700E-01
3.5891927E+00 2.0696E-01
3.5898438E+00 2.0696E-01
3.5904948E+00 2.0691E-01
3.5911459E+00 2.0691E-01
3.5917969E+00 2.0691E-01
3.5924479E+00 2.0686E-01
3.5930990E+00 2.0677E-01
3.5937500E+00 2.0671E-01
3.5944011E+00 2.0685E-01
3.5950521E+00 2.0649E-01
3.5957031E+00 2.0636E-01
3.5963542E+00 2.0603E-01
3.5970052E+00 2.0605E-01
3.5976563E+00 2.0573E-01
3.5983073E+00 2.0528E-01
3.5989584E+00 2.0478E-01
3.5996094E+00 2.0396E-01
3.6002604E+00 2.0291E-01
3.6009115E+00 2.0149E-01
3.6015625E+00 1.9975E-01
3.6022136E+00 1.9785E-01
3.6028646E+00 1.9571E-01
3.6035156E+00 1.9331E-01
3.6041667E+00 1.9058E-01
3.6048177E+00 1.8823E-01
3.6054688E+00 1.8592E-01
3.6061198E+00 1.8361E-01
3.6067709E+00 1.8064E-01
3.6074219E+00 1.7763E-01
3.6080729E+00 1.7531E-01
3.6087240E+00 1.7310E-01
3.6093750E+00 1.7112E-01
3.6100261E+00 1.6972E-01
3.6106771E+00 1.6864E-01
3.6113281E+00 1.6777E-01
3.6119792E+00 1.6701E-01
3.6126302E+00 1.6626E-01
3.6132813E+00 1.6579E-01
3.6139323E+00 1.6575E-01
3.6145834E+00 1.6599E-01
3.6152344E+00 1.6605E-01
3.6158854E+00 1.6652E-01
3.6165365E+00 1.6660E-01
3.6171875E+00 1.6717E-01
3.6178386E+00 1.6740E-01
3.6184896E+00 1.6750E-01
3.6191406E+00 1.6756E-01
3.6197917E+00 1.6756E-01
3.6204427E+00 1.6761E-01
3.6210938E+00 1.6761E-01
3.6217448E+00 1.6766E-01
3.6223959E+00 1.6776E-01
3.6230469E+00 1.6790E-01
3.6236979E+00 1.6801E-01
3.6243490E+00 1.6806E-01
3.6250000E+00 1.6839E-01
3.6256511E+00 1.6846E-01
3.6263021E+00 1.6865E-01
3.6269531E+00 1.6871E-01
3.6276042E+00 1.6881E-01
3.6282552E+00 1.6901E-01
3.6289063E+00 1.6902E-01
3.6295573E+00 1.6902E-01
3.6302084E+00 1.6902E-01
3.6308594E+00 1.6902E-01
3.6315104E+00 1.6902E-01
3.6321615E+00 1.6897E-01
3.6328125E+00 1.6892E-01
3.6334636E+00 1.6887E-01
3.6341146E+00 1.6882E-01
3.6347656E+00 1.6873E-01
3.6354167E+00 1.6839E-01
3.6360677E+00 1.6813E-01
3.6367188E+00 1.6770E-01
3.6373698E+00 1.6734E-01
3.6380209E+00 1.6666E-01
3.6386719E+00 1.6586E-01
3.6393229E+00 1.6492E-01
3.6399740E+00 1.6401E-01
3.6406250E+00 1.6301E-01
3.6412761E+00 1.6191E-01
3.6419271E+00 1.6081E-01
3.6425781E+00 1.5980E-01
3.6432292E+00 1.5888E-01
3.6438802E+00 1.5807E-01
3.6445313E+00 1.5736E-01
3.6451823E+00 1.5726E-01
3.6458334E+00 1.5726E-01
3.6464844E+00 1.5745E-01
3.6471354E+00 1.5737E-01
3.6477865E+00 1.5745E-01
3.6484375E+00 1.5760E-01
3.6490886E+00 1.5761E-01
3.6497396E+00 1.5766E-01
3.6503906E+00 1.5762E-01
3.6510417E+00 1.5775E-01
3.6516927E+00 1.5809E-01
3.6523438E+00 1.5844E-01
3.6529948E+00 1.5893E-01
3.6536459E+00 1.5976E-01
3.6542969E+00 1.6104E-01
3.6549479E+00 1.6216E-01
3.6555990E+00 1.6382E-01
3.6562500E+00 1.6562E-01
3.6569011E+00 1.6785E-01
3.6575521E+00 1.7025E-01
3.6582031E+00 1.7253E-01
3.6588542E+00 1.7465E-01
3.6595052E+00 1.7662E-01
3.6601563E+00 1.7825E-01
3.6608073E+00 1.7944E-01
3.6614584E+00 1.8032E-01
3.6621094E+00 1.8112E-01
3.6627604E+00 1.8202E-01
3.6634115E+00 1.8302E-01
3.6640625E+00 1.8416E-01
3.6647136E+00 1.8564E-01
3.6653646E+00 1.8734E-01
3.6660156E+00 1.8900E-01
3.6666667E+00 1.9080E-01
3.6673177E+00 1.9219E-01
3.6679688E+00 1.9378E-01
3.6686198E+00 1.9511E-01
3.6692709E+00 1.9613E-01
3.6699219E+00 1.9700E-01
3.6705729E+00 1.9734E-01
3.6712240E+00 1.9736E-01
3.6718750E+00 1.9704E-01
3.6725261E+00 1.9636E-01
3.6731771E+00 1.9542E-01
3.6738281E+00 1.9470E-01
3.6744792E+00 1.9474E-01
3.6751302E+00 1.9433E-01
3.6757813E+00 1.9420E-01
3.6764323E+00 1.9387E-01
3.6770834E+00 1.9398E-01
3.6777344E+00 1.9376E-01
3.6783854E+00 1.9356E-01
3.6790365E+00 1.9340E-01
3.6796875E+00 1.9330E-01
3.6803386E+00 1.9329E-01
3.6809896E+00 1.9329E-01
3.6816406E+00 1.9329E-01
3.6822917E+00 1.9329E-01
3.6829427E+00 1.9329E-01
3.6835938E+00 1.9324E-01
3.6842448E+00 1.9319E-01
3.6848959E+00 1.9352E-01
3.6855469E+00 1.9359E-01
3.6861979E+00 1.9364E-01
3.6868490E+00 1.9364E-01
3.6875000E+00 1.9350E-01
3.6881511E+00 1.9349E-01
3.6888021E+00 1.9335E-01
3.6894531E+00 1.9339E-01
3.6901042E+00 1.9353E-01
3.6907552E+00 1.9373E-01
3.6914063E+00 1.9412E-01
3.6920573E+00 1.9480E-01
3.6927084E+00 1.9560E-01
3.6933594E+00 1.9663E-01
3.6940104E+00 1.9787E-01
3.6946615E+00 1.9922E-01
3.6953125E+00 2.0039E-01
3.6959636E+00 2.0169E-01
3.6966146E+00 2.0262E-01
3.6972656E+00 2.0376E-01
3.6979167E+00 2.0431E-01
3.6985677E+00 2.0430E-01
3.6992188E+00 2.0425E-01
3.6998698E+00 2.0420E-01
3.7005209E+00 2.0429E-01
3.7011719E+00 2.0430E-01
3.7018229E+00 2.0439E-01
3.7024740E+00 2.0449E-01
3.7031250E+00 2.0464E-01
3.7037761E+00 2.0474E-01
3.7044271E+00 2.0475E-01
3.7050781E+00 2.0512E-01
3.7057292E+00 2.0524E-01
3.7063802E+00 2.0548E-01
3.7070313E+00 2.0541E-01
3.7076823E+00 2.0550E-01
3.7083334E+00 2.0574E-01
3.7089844E+00 2.0561E-01
3.7096354E+00 2.0560E-01
3.7102865E+00 2.0556E-01
3.7109375E+00 2.0537E-01
3.7115886E+00 2.0512E-01
3.7122396E+00 2.0468E-01
3.7128906E+00 2.0381E-01
3.7135417E+00 2.0262E-01
3.7141927E+00 2.0132E-01
3.7148438E+00 1.9932E-01
3.7154948E+00 1.9712E-01
3.7161459E+00 1.9477E-01
3.7167969E+00 1.9208E-01
3.7174479E+00 1.8951E-01
3.7180990E+00 1.8666E-01
3.7187500E+00 1.8408E-01
3.7194011E+00 1.8175E-01
3.7200521E+00 1.7902E-01
3.7207031E+00 1.7621E-01
3.7213542E+00 1.7391E-01
3.7220052E+00 1.7202E-01
3.7226563E+00 1.7025E-01
3.7233073E+00 1.6910E-01
3.7239584E+00 1.6827E-01
3.7246094E+00 1.6766E-01
3.7252604E+00 1.6733E-01
3.7259115E+00 1.6684E-01
3.7265625E+00 1.6676E-01
3.7272136E+00 1.6667E-01
3.7278646E+00 1.6703E-01
3.7285156E+00 1.6748E-01
3.7291667E+00 1.6775E-01
3.7298177E+00 1.6828E-01
3.7304688E+00 1.6874E-01
3.7311198E+00 1.6928E-01
3.7317709E+00 1.6988E-01
3.7324219E+00 1.7039E-01
3.7330729E+00 1.7085E-01
3.7337240E+00 1.7107E-01
3.7343750E+00 1.7127E-01
3.7350261E+00 1.7100E-01
3.7356771E+00 1.7089E-01
3.7363281E+00 1.7060E-01
3.7369792E+00 1.7053E-01
3.7376302E+00 1.7048E-01
3.7382813E+00 1.7029E-01
3.7389323E+00 1.7018E-01
3.7395834E+00 1.7013E-01
3.7402344E+00 1.7017E-01
3.7408854E+00 1.7018E-01
3.7415365E+00 1.7027E-01
3.7421875E+00 1.7032E-01
3.7428386E+00 1.7042E-01
3.7434896E+00 1.7061E-01
3.7441406E+00 1.7058E-01
3.7447917E+00 1.7095E-01
3.7454427E+00 1.7112E-01
3.7460938E+00 1.7122E-01
3.7467448E+00 1.7146E-01
3.7473959E+00 1.7139E-01
3.7480469E+00 1.7157E-01
3.7486979E+00 1.7158E-01
3.7493490E+00 1.7149E-01
3.7500000E+00 1.7144E-01
3.7506511E+00 1.7115E-01
3.7513021E+00 1.7090E-01
3.7519531E+00 1.7051E-01
3.7526042E+00 1.6992E-01
3.7532552E+00 1.6908E-01
3.7539063E+00 1.6827E-01
3.7545573E+00 1.6747E-01
3.7552084E+00 1.6611E-01
3.7558594E+00 1.6512E-01
3.7565104E+00 1.6388E-01
3.7571615E+00 1.6319E-01
3.7578125E+00 1.6249E-01
3.7584636E+00 1.6197E-01
3.7591146E+00 1.6179E-01
3.7597656E+00 1.6174E-01
3.7604167E+00 1.6173E-01
3.7610677E+00 1.6178E-01
3.7617188E+00 1.6178E-01
3.7623698E+00 1.6197E-01
3.7630209E+00 1.6212E-01
3.7636719E+00 1.6218E-01
3.7643229E+00 1.6214E-01
3.7649740E+00 1.6270E-01
3.7656250E+00 1.6302E-01
3.7662761E+00 1.6337E-01
3.7669271E+00 1.6372E-01
3.7675781E+00 1.6421E-01
3.7682292E+00 1.6504E-01
3.7688802E+00 1.6589E-01
3.7695313E+00 1.6689E-01
3.7701823E+00 1.6808E-01
3.7708334E+00 1.6947E-01
3.7714844E+00 1.7092E-01
3.7721354E+00 1.7234E-01
3.7727865E+00 1.7370E-01
3.7734375E+00 1.7463E-01
3.7740886E+00 1.7526E-01
3.7747396E+00 1.7544E-01
3.7753906E+00 1.7527E-01
3.7760417E+00 1.7530E-01
3.7766927E+00 1.7507E-01
3.7773438E+00 1.7528E-01
3.7779948E+00 1.7516E-01
3.7786459E+00 1.7510E-01
3.7792969E+00 1.7529E-01
3.7799479E+00 1.7558E-01
3.7805990E+00 1.7607E-01
3.7812500E+00 1.7676E-01
3.7819011E+00 1.7760E-01
3.7825521E+00 1.7874E-01
3.7832031E+00 1.7998E-01
3.7838542E+00 1.8119E-01
3.7845052E+00 1.8212E-01
3.7851563E+00 1.8330E-01
3.7858073E+00 1.8376E-01
3.7864584E+00 1.8389E-01
3.7871094E+00 1.8305E-01
3.7877604E+00 1.8192E-01
3.7884115E+00 1.8043E-01
3.7890625E+00 1.7930E-01
3.7897136E+00 1.7899E-01
3.7903646E+00 1.7878E-01
3.7910156E+00 1.7868E-01
3.7916667E+00 1.7867E-01
3.7923177E+00 1.7853E-01
3.7929688E+00 1.7842E-01
3.7936198E+00 1.7832E-01
3.7942709E+00 1.7836E-01
3.7949219E+00 1.7804E-01
3.7955729E+00 1.7778E-01
3.7962240E+00 1.7762E-01
3.7968750E+00 1.7733E-01
3.7975261E+00 1.7722E-01
3.7981771E+00 1.7702E-01
3.7988281E+00 1.7682E-01
3.7994792E+00 1.7667E-01
3.8001302E+00 1.7670E-01
3.8007813E+00 1.7671E-01
3.8014323E+00 1.7661E-01
3.8020834E+00 1.7670E-01
3.8027344E+00 1.7699E-01
3.8033854E+00 1.7748E-01
3.8040365E+00 1.7798E-01
3.8046875E+00 1.7899E-01
3.8053386E+00 1.8028E-01
3.8059896E+00 1.8173E-01
3.8066406E+00 1.8356E-01
3.8072917E+00 1.8523E-01
3.8079427E+00 1.8731E-01
3.8085938E+00 1.8947E-01
3.8092448E+00 1.9149E-01
3.8098959E+00 1.9345E-01
3.8105469E+00 1.9504E-01
3.8111979E+00 1.9594E-01
3.8118490E+00 1.9628E-01
3.8125000E+00 1.9640E-01
3.8131511E+00 1.9636E-01
3.8138021E+00 1.9631E-01
3.8144531E+00 1.9649E-01
3.8151042E+00 1.9618E-01
3.8157552E+00 1.9620E-01
3.8164063E+00 1.9593E-01
3.8170573E+00 1.9614E-01
3.8177084E+00 1.9616E-01
3.8183594E+00 1.9620E-01
3.8190104E+00 1.9635E-01
3.8196615E+00 1.9673E-01
3.8203125E+00 1.9718E-01
3.8209636E+00 1.9758E-01
3.8216146E+00 1.9775E-01
3.8222656E+00 1.9776E-01
3.8229167E+00 1.9748E-01
3.8235677E+00 1.9667E-01
3.8242188E+00 1.9521E-01
3.8248698E+00 1.9370E-01
3.8255209E+00 1.9163E-01
3.8261719E+00 1.8938E-01
3.8268229E+00 1.8708E-01
3.8274740E+00 1.8486E-01
3.8281250E+00 1.8335E-01
3.8287761E+00 1.8212E-01
3.8294271E+00 1.8096E-01
3.8300781E+00 1.7957E-01
3.8307292E+00 1.7831E-01
3.8313802E+00 1.7756E-01
3.8320313E+00 1.7709E-01
3.8326823E+00 1.7650E-01
3.8333334E+00 1.7608E-01
3.8339844E+00 1.7592E-01
3.8346354E+00 1.7576E-01
3.8352865E+00 1.7538E-01
3.8359375E+00 1.7526E-01
3.8365886E+00 1.7483E-01
3.8372396E+00 1.7485E-01
3.8378906E+00 1.7466E-01
3.8385417E+00 1.7451E-01
3.8391927E+00 1.7426E-01
3.8398438E+00 1.7434E-01
3.8404948E+00 1.7463E-01
3.8411459E+00 1.7497E-01
3.8417969E+00 1.7547E-01
3.8424479E+00 1.7630E-01
3.8430990E+00 1.7734E-01
3.8437500E+00 1.7858E-01
3.8444011E+00 1.7997E-01
3.8450521E+00 1.8208E-01
3.8457031E+00 1.8387E-01
3.8463542E+00 1.8595E-01
3.8470052E+00 1.8788E-01
3.8476563E+00 1.8974E-01
3.8483073E+00 1.9155E-01
3.8489584E+00 1.9262E-01
3.8496094E+00 1.9320E-01
3.8502604E+00 1.9338E-01
3.8509115E+00 1.9344E-01
3.8515625E+00 1.9349E-01
3.8522136E+00 1.9349E-01
3.8528646E+00 1.9349E-01
3.8535156E+00 1.9340E-01
3.8541667E+00 1.9353E-01
3.8548177E+00 1.9345E-01
3.8554688E+00 1.9335E-01
3.8561198E+00 1.9334E-01
3.8567709E+00 1.9320E-01
3.8574219E+00 1.9342E-01
3.8580729E+00 1.9340E-01
3.8587240E+00 1.9339E-01
3.8593750E+00 1.9330E-01
3.8600261E+00 1.9315E-01
3.8606771E+00 1.9281E-01
3.8613282E+00 1.9214E-01
3.8619792E+00 1.9106E-01
3.8626302E+00 1.8958E-01
3.8632813E+00 1.8807E-01
3.8639323E+00 1.8624E-01
3.8645834E+00 1.8415E-01
3.8652344E+00 1.8213E-01
3.8658854E+00 1.7956E-01
3.8665365E+00 1.7755E-01
3.8671875E+00 1.7573E-01
3.8678386E+00 1.7444E-01
3.8684896E+00 1.7313E-01
3.8691407E+00 1.7164E-01
3.8697917E+00 1.7060E-01
3.8704427E+00 1.6983E-01
3.8710938E+00 1.6931E-01
3.8717448E+00 1.6894E-01
3.8723959E+00 1.6864E-01
3.8730469E+00 1.6843E-01
3.8736979E+00 1.6832E-01
3.8743490E+00 1.6836E-01
3.8750000E+00 1.6799E-01
3.8756511E+00 1.6792E-01
3.8763021E+00 1.6768E-01
3.8769532E+00 1.6748E-01
3.8776042E+00 1.6751E-01
3.8782552E+00 1.6751E-01
3.8789063E+00 1.6779E-01
3.8795573E+00 1.6814E-01
3.8802084E+00 1.6891E-01
3.8808594E+00 1.6990E-01
3.8815104E+00 1.7119E-01
3.8821615E+00 1.7273E-01
3.8828125E+00 1.7452E-01
3.8834636E+00 1.7661E-01
3.8841146E+00 1.7867E-01
3.8847657E+00 1.8101E-01
3.8854167E+00 1.8328E-01
3.8860677E+00 1.8521E-01
3.8867188E+00 1.8684E-01
3.8873698E+00 1.8766E-01
3.8880209E+00 1.8827E-01
3.8886719E+00 1.8869E-01
3.8893229E+00 1.8886E-01
3.8899740E+00 1.8906E-01
3.8906250E+00 1.8921E-01
3.8912761E+00 1.8950E-01
3.8919271E+00 1.8980E-01
3.8925782E+00 1.9010E-01
3.8932292E+00 1.9054E-01
3.8938802E+00 1.9104E-01
3.8945313E+00 1.9201E-01
3.8951823E+00 1.9250E-01
3.8958334E+00 1.9333E-01
3.8964844E+00 1.9386E-01
3.8971354E+00 1.9469E-01
3.8977865E+00 1.9493E-01
3.8984375E+00 1.9481E-01
3.8990886E+00 1.9443E-01
3.8997396E+00 1.9356E-01
3.9003907E+00 1.9219E-01
3.9010417E+00 1.9064E-01
3.9016927E+00 1.8894E-01
3.9023438E+00 1.8723E-01
3.9029948E+00 1.8599E-01
3.9036459E+00 1.8516E-01
3.9042969E+00 1.8468E-01
3.9049479E+00 1.8469E-01
3.9055990E+00 1.8451E-01
3.9062500E+00 1.8440E-01
3.9069011E+00 1.8444E-01
3.9075521E+00 1.8445E-01
3.9082032E+00 1.8445E-01
3.9088542E+00 1.8440E-01
3.9095052E+00 1.8430E-01
3.9101563E+00 1.8420E-01
3.9108073E+00 1.8410E-01
3.9114584E+00 1.8410E-01
3.9121094E+00 1.8396E-01
3.9127604E+00 1.8380E-01
3.9134115E+00 1.8375E-01
3.9140625E+00 1.8365E-01
3.9147136E+00 1.8350E-01
3.9153646E+00 1.8317E-01
3.9160157E+00 1.8314E-01
3.9166667E+00 1.8305E-01
3.9173177E+00 1.8341E-01
3.9179688E+00 1.8372E-01
3.9186198E+00 1.8421E-01
3.9192709E+00 1.8509E-01
3.9199219E+00 1.8618E-01
3.9205729E+00 1.8761E-01
3.9212240E+00 1.8916E-01
3.9218750E+00 1.9086E-01
3.9225261E+00 1.9266E-01
3.9231771E+00 1.9447E-01
3.9238282E+00 1.9609E-01
3.9244792E+00 1.9737E-01
3.9251302E+00 1.9849E-01
3.9257813E+00 1.9880E-01
3.9264323E+00 1.9905E-01
3.9270834E+00 1.9898E-01
3.9277344E+00 1.9906E-01
3.9283854E+00 1.9926E-01
3.9290365E+00 1.9922E-01
3.9296875E+00 1.9927E-01
3.9303386E+00 1.9927E-01
3.9309896E+00 1.9927E-01
3.9316407E+00 1.9927E-01
3.9322917E+00 1.9932E-01
3.9329427E+00 1.9923E-01
3.9335938E+00 1.9913E-01
3.9342448E+00 1.9931E-01
3.9348959E+00 1.9904E-01
3.9355469E+00 1.9879E-01
3.9361979E+00 1.9858E-01
3.9368490E+00 1.9824E-01
3.9375000E+00 1.9803E-01
3.9381511E+00 1.9736E-01
3.9388021E+00 1.9647E-01
3.9394532E+00 1.9529E-01
3.9401042E+00 1.9376E-01
3.9407552E+00 1.9206E-01
3.9414063E+00 1.9002E-01
3.9420573E+00 1.8782E-01
3.9427084E+00 1.8556E-01
3.9433594E+00 1.8321E-01
3.9440104E+00 1.8038E-01
3.9446615E+00 1.7803E-01
3.9453125E+00 1.7628E-01
3.9459636E+00 1.7410E-01
3.9466146E+00 1.7194E-01
3.9472657E+00 1.6969E-01
3.9479167E+00 1.6826E-01
3.9485677E+00 1.6714E-01
3.9492188E+00 1.6608E-01
3.9498698E+00 1.6554E-01
3.9505209E+00 1.6513E-01
3.9511719E+00 1.6491E-01
3.9518229E+00 1.6476E-01
3.9524740E+00 1.6456E-01
3.9531250E+00 1.6450E-01
3.9537761E+00 1.6450E-01
3.9544271E+00 1.6478E-01
3.9550782E+00 1.6466E-01
3.9557292E+00 1.6479E-01
3.9563802E+00 1.6485E-01
3.9570313E+00 1.6527E-01
3.9576823E+00 1.6577E-01
3.9583334E+00 1.6627E-01
3.9589844E+00 1.6701E-01
3.9596354E+00 1.6799E-01
3.9602865E+00 1.6904E-01
3.9609375E+00 1.7019E-01
3.9615886E+00 1.7135E-01
3.9622396E+00 1.7236E-01
3.9628907E+00 1.7304E-01
3.9635417E+00 1.7346E-01
3.9641927E+00 1.7354E-01
3.9648438E+00 1.7387E-01
3.9654948E+00 1.7403E-01
3.9661459E+00 1.7423E-01
3.9667969E+00 1.7448E-01
3.9674479E+00 1.7445E-01
3.9680990E+00 1.7463E-01
3.9687500E+00 1.7474E-01
3.9694011E+00 1.7466E-01
3.9700521E+00 1.7474E-01
3.9707032E+00 1.7475E-01
3.9713542E+00 1.7480E-01
3.9720052E+00 1.7485E-01
3.9726563E+00 1.7480E-01
3.9733073E+00 1.7475E-01
3.9739584E+00 1.7470E-01
3.9746094E+00 1.7479E-01
3.9752604E+00 1.7443E-01
3.9759115E+00 1.7421E-01
3.9765625E+00 1.7373E-01
3.9772136E+00 1.7351E-01
3.9778646E+00 1.7303E-01
3.9785157E+00 1.7229E-01
3.9791667E+00 1.7144E-01
3.9798177E+00 1.7045E-01
3.9804688E+00 1.6949E-01
3.9811198E+00 1.6835E-01
3.9817709E+00 1.6710E-01
3.9824219E+00 1.6598E-01
3.9830729E+00 1.6483E-01
3.9837240E+00 1.6377E-01
3.9843750E+00 1.6271E-01
3.9850261E+00 1.6222E-01
3.9856771E+00 1.6186E-01
3.9863282E+00 1.6183E-01
3.9869792E+00 1.6188E-01
3.9876302E+00 1.6184E-01
3.9882813E+00 1.6197E-01
3.9889323E+00 1.6203E-01
3.9895834E+00 1.6213E-01
3.9902344E+00 1.6214E-01
3.9908854E+00 1.6209E-01
3.9915365E+00 1.6223E-01
3.9921875E+00 1.6252E-01
3.9928386E+00 1.6296E-01
3.9934896E+00 1.6346E-01
3.9941407E+00 1.6438E-01
3.9947917E+00 1.6561E-01
3.9954427E+00 1.6692E-01
3.9960938E+00 1.6855E-01
3.9967448E+00 1.7021E-01
3.9973959E+00 1.7270E-01
3.9980469E+00 1.7499E-01
3.9986979E+00 1.7725E-01
3.9993490E+00 1.7951E-01
4.0000000E+00 1.8145E-01
4.0006511E+00 1.8298E-01
4.0013021E+00 1.8398E-01
4.0019532E+00 1.8465E-01
4.0026042E+00 1.8521E-01
4.0032552E+00 1.8586E-01
4.0039063E+00 1.8660E-01
4.0045573E+00 1.8731E-01
4.0052084E+00 1.8862E-01
4.0058594E+00 1.8974E-01
4.0065104E+00 1.9122E-01
4.0071615E+00 1.9250E-01
4.0078125E+00 1.9403E-01
4.0084636E+00 1.9554E-01
4.0091146E+00 1.9668E-01
4.0097657E+00 1.9778E-01
4.0104167E+00 1.9861E-01
4.0110677E+00 1.9904E-01
4.0117188E+00 1.9912E-01
4.0123698E+00 1.9865E-01
4.0130209E+00 1.9783E-01
4.0136719E+00 1.9664E-01
4.0143229E+00 1.9562E-01
4.0149740E+00 1.9411E-01
4.0156250E+00 1.9316E-01
4.0162761E+00 1.9276E-01
4.0169271E+00 1.9251E-01
4.0175782E+00 1.9249E-01
4.0182292E+00 1.9221E-01
4.0188802E+00 1.9200E-01
4.0195313E+00 1.9189E-01
4.0201823E+00 1.9184E-01
4.0208334E+00 1.9183E-01
4.0214844E+00 1.9179E-01
4.0221354E+00 1.9174E-01
4.0227865E+00 1.9183E-01
4.0234375E+00 1.9188E-01
4.0240886E+00 1.9179E-01
4.0247396E+00 1.9183E-01
4.0253907E+00 1.9202E-01
4.0260417E+00 1.9199E-01
4.0266927E+00 1.9212E-01
4.0273438E+00 1.9200E-01
4.0279948E+00 1.9194E-01
4.0286459E+00 1.9189E-01
4.0292969E+00 1.9174E-01
4.0299479E+00 1.9173E-01
4.0305990E+00 1.9192E-01
4.0312500E+00 1.9217E-01
4.0319011E+00 1.9256E-01
4.0325521E+00 1.9319E-01
4.0332032E+00 1.9403E-01
4.0338542E+00 1.9503E-01
4.0345052E+00 1.9650E-01
4.0351563E+00 1.9754E-01
4.0358073E+00 1.9892E-01
4.0364584E+00 2.0005E-01
4.0371094E+00 2.0148E-01
4.0377604E+00 2.0252E-01
4.0384115E+00 2.0310E-01
4.0390625E+00 2.0319E-01
4.0397136E+00 2.0310E-01
4.0403646E+00 2.0318E-01
4.0410157E+00 2.0324E-01
4.0416667E+00 2.0324E-01
4.0423177E+00 2.0333E-01
4.0429688E+00 2.0343E-01
4.0436198E+00 2.0358E-01
4.0442709E+00 2.0359E-01
4.0449219E+00 2.0392E-01
4.0455729E+00 2.0408E-01
4.0462240E+00 2.0424E-01
4.0468750E+00 2.0448E-01
4.0475261E+00 2.0440E-01
4.0481771E+00 2.0454E-01
4.0488282E+00 2.0459E-01
4.0494792E+00 2.0450E-01
4.0501302E+00 2.0454E-01
4.0507813E+00 2.0441E-01
4.0514323E+00 2.0421E-01
4.0520834E+00 2.0392E-01
4.0527344E+00 2.0324E-01
4.0533854E+00 2.0226E-01
4.0540365E+00 2.0107E-01
4.0546875E+00 1.9953E-01
4.0553386E+00 1.9728E-01
4.0559896E+00 1.9501E-01
4.0566407E+00 1.9233E-01
4.0572917E+00 1.8990E-01
4.0579427E+00 1.8697E-01
4.0585938E+00 1.8419E-01
4.0592448E+00 1.8176E-01
4.0598959E+00 1.7925E-01
4.0605469E+00 1.7646E-01
4.0611979E+00 1.7369E-01
4.0618490E+00 1.7153E-01
4.0625000E+00 1.6975E-01
4.0631511E+00 1.6818E-01
4.0638021E+00 1.6718E-01
4.0644532E+00 1.6636E-01
4.0651042E+00 1.6603E-01
4.0657552E+00 1.6559E-01
4.0664063E+00 1.6541E-01
4.0670573E+00 1.6526E-01
4.0677084E+00 1.6539E-01
4.0683594E+00 1.6587E-01
4.0690104E+00 1.6614E-01
4.0696615E+00 1.6648E-01
4.0703125E+00 1.6688E-01
4.0709636E+00 1.6742E-01
4.0716146E+00 1.6798E-01
4.0722657E+00 1.6848E-01
4.0729167E+00 1.6912E-01
4.0735677E+00 1.6959E-01
4.0742188E+00 1.7004E-01
4.0748698E+00 1.7017E-01
4.0755209E+00 1.6999E-01
4.0761719E+00 1.6988E-01
4.0768229E+00 1.6959E-01
4.0774740E+00 1.6962E-01
4.0781250E+00 1.6944E-01
4.0787761E+00 1.6928E-01
4.0794271E+00 1.6922E-01
4.0800782E+00 1.6917E-01
4.0807292E+00 1.6926E-01
4.0813802E+00 1.6927E-01
4.0820313E+00 1.6941E-01
4.0826823E+00 1.6947E-01
4.0833334E+00 1.6971E-01
4.0839844E+00 1.6972E-01
4.0846354E+00 1.6982E-01
4.0852865E+00 1.7020E-01
4.0859375E+00 1.7032E-01
4.0865886E+00 1.7056E-01
4.0872396E+00 1.7048E-01
4.0878907E+00 1.7062E-01
4.0885417E+00 1.7077E-01
4.0891927E+00 1.7064E-01
4.0898438E+00 1.7063E-01
4.0904948E+00 1.7049E-01
4.0911459E+00 1.7020E-01
4.0917969E+00 1.6999E-01
4.0924479E+00 1.6951E-01
4.0930990E+00 1.6887E-01
4.0937500E+00 1.6817E-01
4.0944011E+00 1.6746E-01
4.0950521E+00 1.6629E-01
4.0957032E+00 1.6532E-01
4.0963542E+00 1.6423E-01
4.0970052E+00 1.6326E-01
4.0976563E+00 1.6263E-01
4.0983073E+00 1.6203E-01
4.0989584E+00 1.6170E-01
4.0996094E+00 1.6159E-01
4.1002604E+00 1.6168E-01
4.1009115E+00 1.6168E-01
4.1015625E+00 1.6168E-01
4.1022136E+00 1.6178E-01
4.1028646E+00 1.6188E-01
4.1035157E+00 1.6207E-01
4.1041667E+00 1.6213E-01
4.1048177E+00 1.6232E-01
4.1054688E+00 1.6266E-01
4.1061198E+00 1.6292E-01
4.1067709E+00 1.6336E-01
4.1074219E+00 1.6348E-01
4.1080729E+00 1.6410E-01
4.1087240E+00 1.6475E-01
4.1093750E+00 1.6540E-01
4.1100261E+00 1.6629E-01
4.1106771E+00 1.6743E-01
4.1113282E+00 1.6863E-01
4.1119792E+00 1.6988E-01
4.1126302E+00 1.7114E-01
4.1132813E+00 1.7216E-01
4.1139323E+00 1.7294E-01
4.1145834E+00 1.7341E-01
4.1152344E+00 1.7321E-01
4.1158854E+00 1.7319E-01
4.1165365E+00 1.7291E-01
4.1171875E+00 1.7303E-01
4.1178386E+00 1.7290E-01
4.1184896E+00 1.7275E-01
4.1191407E+00 1.7278E-01
4.1197917E+00 1.7279E-01
4.1204427E+00 1.7298E-01
4.1210938E+00 1.7318E-01
4.1217448E+00 1.7352E-01
4.1223959E+00 1.7401E-01
4.1230469E+00 1.7470E-01
4.1236979E+00 1.7540E-01
4.1243490E+00 1.7601E-01
4.1250000E+00 1.7694E-01
4.1256511E+00 1.7762E-01
4.1263021E+00 1.7794E-01
4.1269532E+00 1.7796E-01
4.1276042E+00 1.7731E-01
4.1282552E+00 1.7619E-01
4.1289063E+00 1.7452E-01
4.1295573E+00 1.7272E-01
4.1302084E+00 1.7082E-01
4.1308594E+00 1.6937E-01
4.1315104E+00 1.6876E-01
4.1321615E+00 1.6830E-01
4.1328125E+00 1.6789E-01
4.1334636E+00 1.6758E-01
4.1341146E+00 1.6747E-01
4.1347657E+00 1.6751E-01
4.1354167E+00 1.6714E-01
4.1360677E+00 1.6697E-01
4.1367188E+00 1.6654E-01
4.1373698E+00 1.6655E-01
4.1380209E+00 1.6642E-01
4.1386719E+00 1.6622E-01
4.1393229E+00 1.6602E-01
4.1399740E+00 1.6600E-01
4.1406250E+00 1.6614E-01
4.1412761E+00 1.6606E-01
4.1419271E+00 1.6610E-01
4.1425782E+00 1.6643E-01
4.1432292E+00 1.6692E-01
4.1438802E+00 1.6761E-01
4.1445313E+00 1.6846E-01
4.1451823E+00 1.6987E-01
4.1458334E+00 1.7137E-01
4.1464844E+00 1.7325E-01
4.1471354E+00 1.7512E-01
4.1477865E+00 1.7740E-01
4.1484375E+00 1.7994E-01
4.1490886E+00 1.8222E-01
4.1497396E+00 1.8453E-01
4.1503907E+00 1.8656E-01
4.1510417E+00 1.8806E-01
4.1516927E+00 1.8900E-01
4.1523438E+00 1.8949E-01
4.1529948E+00 1.8980E-01
4.1536459E+00 1.9001E-01
4.1542969E+00 1.9040E-01
4.1549479E+00 1.9066E-01
4.1555990E+00 1.9086E-01
4.1562500E+00 1.9130E-01
4.1569011E+00 1.9184E-01
4.1575521E+00 1.9286E-01
4.1582032E+00 1.9387E-01
4.1588542E+00 1.9502E-01
4.1595052E+00 1.9636E-01
4.1601563E+00 1.9762E-01
4.1608073E+00 1.9883E-01
4.1614584E+00 1.9985E-01
4.1621094E+00 2.0039E-01
4.1627604E+00 2.0052E-01
4.1634115E+00 2.0011E-01
4.1640625E+00 1.9896E-01
4.1647136E+00 1.9756E-01
4.1653646E+00 1.9630E-01
4.1660157E+00 1.9509E-01
4.1666667E+00 1.9481E-01
4.1673177E+00 1.9452E-01
4.1679688E+00 1.9454E-01
4.1686198E+00 1.9459E-01
4.1692709E+00 1.9441E-01
4.1699219E+00 1.9440E-01
4.1705729E+00 1.9430E-01
4.1712240E+00 1.9425E-01
4.1718750E+00 1.9415E-01
4.1725261E+00 1.9396E-01
4.1731771E+00 1.9380E-01
4.1738282E+00 1.9361E-01
4.1744792E+00 1.9359E-01
4.1751302E+00 1.9308E-01
4.1757813E+00 1.9285E-01
4.1764323E+00 1.9256E-01
4.1770834E+00 1.9230E-01
4.1777344E+00 1.9210E-01
4.1783854E+00 1.9171E-01
4.1790365E+00 1.9131E-01
4.1796875E+00 1.9100E-01
4.1803386E+00 1.9084E-01
4.1809896E+00 1.9097E-01
4.1816407E+00 1.9107E-01
4.1822917E+00 1.9155E-01
4.1829427E+00 1.9233E-01
4.1835938E+00 1.9341E-01
4.1842448E+00 1.9466E-01
4.1848959E+00 1.9624E-01
4.1855469E+00 1.9794E-01
4.1861979E+00 1.9951E-01
4.1868490E+00 2.0130E-01
4.1875000E+00 2.0260E-01
4.1881511E+00 2.0390E-01
4.1888021E+00 2.0465E-01
4.1894532E+00 2.0470E-01
4.1901042E+00 2.0479E-01
4.1907552E+00 2.0475E-01
4.1914063E+00 2.0470E-01
4.1920573E+00 2.0470E-01
4.1927084E+00 2.0465E-01
4.1933594E+00 2.0451E-01
4.1940104E+00 2.0450E-01
4.1946615E+00 2.0468E-01
4.1953125E+00 2.0428E-01
4.1959636E+00 2.0415E-01
4.1966146E+00 2.0387E-01
4.1972657E+00 2.0394E-01
4.1979167E+00 2.0380E-01
4.1985677E+00 2.0365E-01
4.1992188E+00 2.0350E-01
4.1998698E+00 2.0340E-01
4.2005209E+00 2.0339E-01
4.2011719E+00 2.0325E-01
4.2018229E+00 2.0296E-01
4.2024740E+00 2.0247E-01
4.2031250E+00 2.0169E-01
4.2037761E+00 2.0047E-01
4.2044271E+00 1.9874E-01
4.2050782E+00 1.9717E-01
4.2057292E+00 1.9496E-01
4.2063802E+00 1.9265E-01
4.2070313E+00 1.9006E-01
4.2076823E+00 1.8708E-01
4.2083334E+00 1.8434E-01
4.2089844E+00 1.8172E-01
4.2096354E+00 1.7911E-01
4.2102865E+00 1.7603E-01
4.2109375E+00 1.7296E-01
4.2115886E+00 1.7059E-01
4.2122396E+00 1.6842E-01
4.2128907E+00 1.6640E-01
4.2135417E+00 1.6490E-01
4.2141927E+00 1.6401E-01
4.2148438E+00 1.6320E-01
4.2154948E+00 1.6253E-01
4.2161459E+00 1.6211E-01
4.2167969E+00 1.6157E-01
4.2174479E+00 1.6158E-01
4.2180990E+00 1.6168E-01
4.2187500E+00 1.6173E-01
4.2194011E+00 1.6192E-01
4.2200521E+00 1.6217E-01
4.2207032E+00 1.6270E-01
4.2213542E+00 1.6325E-01
4.2220052E+00 1.6394E-01
4.2226563E+00 1.6488E-01
4.2233073E+00 1.6593E-01
4.2239584E+00 1.6703E-01
4.2246094E+00 1.6804E-01
4.2252604E+00 1.6923E-01
4.2259115E+00 1.6988E-01
4.2265625E+00 1.7044E-01
4.2272136E+00 1.7043E-01
4.2278646E+00 1.7057E-01
4.2285157E+00 1.7072E-01
4.2291667E+00 1.7073E-01
4.2298177E+00 1.7078E-01
4.2304688E+00 1.7078E-01
4.2311198E+00 1.7078E-01
4.2317709E+00 1.7083E-01
4.2324219E+00 1.7083E-01
4.2330729E+00 1.7074E-01
4.2337240E+00 1.7078E-01
4.2343750E+00 1.7097E-01
4.2350261E+00 1.7084E-01
4.2356771E+00 1.7088E-01
4.2363282E+00 1.7093E-01
4.2369792E+00 1.7088E-01
4.2376302E+00 1.7102E-01
4.2382813E+00 1.7103E-01
4.2389323E+00 1.7089E-01
4.2395834E+00 1.7060E-01
4.2402344E+00 1.7016E-01
4.2408854E+00 1.6947E-01
4.2415365E+00 1.6844E-01
4.2421875E+00 1.6720E-01
4.2428386E+00 1.6576E-01
4.2434896E+00 1.6416E-01
4.2441407E+00 1.6246E-01
4.2447917E+00 1.6075E-01
4.2454427E+00 1.5942E-01
4.2460938E+00 1.5848E-01
4.2467448E+00 1.5823E-01
4.2473959E+00 1.5766E-01
4.2480469E+00 1.5743E-01
4.2486979E+00 1.5746E-01
4.2493490E+00 1.5732E-01
4.2500000E+00 1.5731E-01
4.2506511E+00 1.5726E-01
4.2513021E+00 1.5726E-01
4.2519532E+00 1.5717E-01
4.2526042E+00 1.5707E-01
4.2532552E+00 1.5711E-01
4.2539063E+00 1.5711E-01
4.2545573E+00 1.5720E-01
4.2552084E+00 1.5702E-01
4.2558594E+00 1.5729E-01
4.2565104E+00 1.5754E-01
4.2571615E+00 1.5822E-01
4.2578125E+00 1.5925E-01
4.2584636E+00 1.6035E-01
4.2591146E+00 1.6192E-01
4.2597657E+00 1.6381E-01
4.2604167E+00 1.6609E-01
4.2610677E+00 1.6863E-01
4.2617188E+00 1.7134E-01
4.2623698E+00 1.7410E-01
4.2630209E+00 1.7672E-01
4.2636719E+00 1.7901E-01
4.2643229E+00 1.8080E-01
4.2649740E+00 1.8242E-01
4.2656250E+00 1.8361E-01
4.2662761E+00 1.8453E-01
4.2669271E+00 1.8562E-01
4.2675782E+00 1.8654E-01
4.2682292E+00 1.8791E-01
4.2688802E+00 1.8937E-01
4.2695313E+00 1.9082E-01
4.2701823E+00 1.9247E-01
4.2708334E+00 1.9399E-01
4.2714844E+00 1.9545E-01
4.2721354E+00 1.9667E-01
4.2727865E+00 1.9783E-01
4.2734375E+00 1.9866E-01
4.2740886E+00 1.9932E-01
4.2747396E+00 1.9970E-01
4.2753907E+00 1.9907E-01
4.2760417E+00 1.9851E-01
4.2766927E+00 1.9749E-01
4.2773438E+00 1.9667E-01
4.2779948E+00 1.9558E-01
4.2786459E+00 1.9485E-01
4.2792969E+00 1.9461E-01
4.2799479E+00 1.9455E-01
4.2805990E+00 1.9464E-01
4.2812500E+00 1.9455E-01
4.2819011E+00 1.9459E-01
4.2825521E+00 1.9464E-01
4.2832032E+00 1.9474E-01
4.2838542E+00 1.9480E-01
4.2845052E+00 1.9466E-01
4.2851563E+00 1.9502E-01
4.2858073E+00 1.9505E-01
4.2864584E+00 1.9514E-01
4.2871094E+00 1.9506E-01
4.2877604E+00 1.9496E-01
4.2884115E+00 1.9504E-01
4.2890625E+00 1.9496E-01
4.2897136E+00 1.9486E-01
4.2903646E+00 1.9476E-01
4.2910157E+00 1.9461E-01
4.2916667E+00 1.9436E-01
4.2923177E+00 1.9407E-01
4.2929688E+00 1.9390E-01
4.2936198E+00 1.9380E-01
4.2942709E+00 1.9393E-01
4.2949219E+00 1.9408E-01
4.2955729E+00 1.9433E-01
4.2962240E+00 1.9495E-01
4.2968750E+00 1.9561E-01
4.2975261E+00 1.9691E-01
4.2981771E+00 1.9808E-01
4.2988282E+00 1.9938E-01
4.2994792E+00 2.0082E-01
4.3001302E+00 2.0228E-01
4.3007813E+00 2.0365E-01
4.3014323E+00 2.0468E-01
4.3020834E+00 2.0521E-01
4.3027344E+00 2.0544E-01
4.3033854E+00 2.0559E-01
4.3040365E+00 2.0565E-01
4.3046875E+00 2.0565E-01
4.3053386E+00 2.0607E-01
4.3059896E+00 2.0615E-01
4.3066407E+00 2.0644E-01
4.3072917E+00 2.0636E-01
4.3079427E+00 2.0650E-01
4.3085938E+00 2.0665E-01
4.3092448E+00 2.0656E-01
4.3098959E+00 2.0665E-01
4.3105469E+00 2.0661E-01
4.3111979E+00 2.0656E-01
4.3118490E+00 2.0665E-01
4.3125000E+00 2.0652E-01
4.3131511E+00 2.0632E-01
4.3138021E+00 2.0626E-01
4.3144532E+00 2.0626E-01
4.3151042E+00 2.0560E-01
4.3157552E+00 2.0490E-01
4.3164063E+00 2.0382E-01
4.3170573E+00 2.0230E-01
4.3177084E+00 2.0065E-01
4.3183594E+00 1.9852E-01
4.3190104E+00 1.9613E-01
4.3196615E+00 1.9353E-01
4.3203125E+00 1.9078E-01
4.3209636E+00 1.8783E-01
4.3216146E+00 1.8505E-01
4.3222657E+00 1.8252E-01
4.3229167E+00 1.7977E-01
4.3235677E+00 1.7663E-01
4.3242188E+00 1.7361E-01
4.3248698E+00 1.7125E-01
4.3255209E+00 1.6921E-01
4.3261719E+00 1.6725E-01
4.3268229E+00 1.6613E-01
4.3274740E+00 1.6498E-01
4.3281250E+00 1.6434E-01
4.3287761E+00 1.6392E-01
4.3294271E+00 1.6338E-01
4.3300782E+00 1.6306E-01
4.3307292E+00 1.6304E-01
4.3313802E+00 1.6332E-01
4.3320313E+00 1.6362E-01
4.3326823E+00 1.6397E-01
4.3333334E+00 1.6432E-01
4.3339844E+00 1.6477E-01
4.3346354E+00 1.6550E-01
4.3352865E+00 1.6588E-01
4.3359375E+00 1.6660E-01
4.3365886E+00 1.6703E-01
4.3372396E+00 1.6767E-01
4.3378907E+00 1.6785E-01
4.3385417E+00 1.6786E-01
4.3391927E+00 1.6777E-01
4.3398438E+00 1.6772E-01
4.3404948E+00 1.6776E-01
4.3411459E+00 1.6781E-01
4.3417969E+00 1.6781E-01
4.3424479E+00 1.6795E-01
4.3430990E+00 1.6810E-01
4.3437500E+00 1.6821E-01
4.3444011E+00 1.6822E-01
4.3450521E+00 1.6854E-01
4.3457032E+00 1.6875E-01
4.3463542E+00 1.6891E-01
4.3470052E+00 1.6915E-01
4.3476563E+00 1.6922E-01
4.3483073E+00 1.6945E-01
4.3489584E+00 1.6952E-01
4.3496094E+00 1.6962E-01
4.3502604E+00 1.6967E-01
4.3509115E+00 1.6967E-01
4.3515625E+00 1.6967E-01
4.3522136E+00 1.6949E-01
4.3528646E+00 1.6919E-01
4.3535157E+00 1.6866E-01
4.3541667E+00 1.6806E-01
4.3548177E+00 1.6727E-01
4.3554688E+00 1.6595E-01
4.3561198E+00 1.6473E-01
4.3567709E+00 1.6302E-01
4.3574219E+00 1.6163E-01
4.3580729E+00 1.5999E-01
4.3587240E+00 1.5824E-01
4.3593750E+00 1.5662E-01
4.3600261E+00 1.5511E-01
4.3606771E+00 1.5430E-01
4.3613282E+00 1.5387E-01
4.3619792E+00 1.5352E-01
4.3626302E+00 1.5340E-01
4.3632813E+00 1.5339E-01
4.3639323E+00 1.5344E-01
4.3645834E+00 1.5349E-01
4.3652344E+00 1.5373E-01
4.3658854E+00 1.5379E-01
4.3665365E+00 1.5412E-01
4.3671875E+00 1.5415E-01
4.3678386E+00 1.5424E-01
4.3684896E+00 1.5467E-01
4.3691407E+00 1.5507E-01
4.3697917E+00 1.5566E-01
4.3704427E+00 1.5650E-01
4.3710938E+00 1.5772E-01
4.3717448E+00 1.5921E-01
4.3723959E+00 1.6095E-01
4.3730469E+00 1.6299E-01
4.3736979E+00 1.6524E-01
4.3743490E+00 1.6801E-01
4.3750000E+00 1.7069E-01
4.3756511E+00 1.7326E-01
4.3763021E+00 1.7573E-01
4.3769532E+00 1.7772E-01
4.3776042E+00 1.7959E-01
4.3782552E+00 1.8084E-01
4.3789063E+00 1.8177E-01
4.3795573E+00 1.8267E-01
4.3802084E+00 1.8367E-01
4.3808594E+00 1.8496E-01
4.3815104E+00 1.8640E-01
4.3821615E+00 1.8805E-01
4.3828125E+00 1.8984E-01
4.3834636E+00 1.9165E-01
4.3841146E+00 1.9328E-01
4.3847657E+00 1.9479E-01
4.3854167E+00 1.9653E-01
4.3860677E+00 1.9768E-01
4.3867188E+00 1.9888E-01
4.3873698E+00 1.9930E-01
4.3880209E+00 1.9951E-01
4.3886719E+00 1.9938E-01
4.3893229E+00 1.9877E-01
4.3899740E+00 1.9807E-01
4.3906250E+00 1.9722E-01
4.3912761E+00 1.9679E-01
4.3919271E+00 1.9671E-01
4.3925782E+00 1.9666E-01
4.3932292E+00 1.9656E-01
4.3938802E+00 1.9646E-01
4.3945313E+00 1.9660E-01
4.3951823E+00 1.9619E-01
4.3958334E+00 1.9606E-01
4.3964844E+00 1.9578E-01
4.3971354E+00 1.9552E-01
4.3977865E+00 1.9546E-01
4.3984375E+00 1.9531E-01
4.3990886E+00 1.9507E-01
4.3997396E+00 1.9486E-01
4.4003907E+00 1.9476E-01
4.4010417E+00 1.9466E-01
4.4016927E+00 1.9460E-01
4.4023438E+00 1.9464E-01
4.4029948E+00 1.9465E-01
4.4036459E+00 1.9465E-01
4.4042969E+00 1.9451E-01
4.4049479E+00 1.9450E-01
4.4055990E+00 1.9454E-01
4.4062500E+00 1.9450E-01
4.4069011E+00 1.9482E-01
4.4075521E+00 1.9480E-01
4.4082032E+00 1.9522E-01
4.4088542E+00 1.9581E-01
4.4095052E+00 1.9655E-01
4.4101563E+00 1.9759E-01
4.4108073E+00 1.9874E-01
4.4114584E+00 1.9998E-01
4.4121094E+00 2.0143E-01
4.4127604E+00 2.0279E-01
4.4134115E+00 2.0405E-01
4.4140625E+00 2.0512E-01
4.4147136E+00 2.0618E-01
4.4153646E+00 2.0616E-01
4.4160157E+00 2.0611E-01
4.4166667E+00 2.0578E-01
4.4173177E+00 2.0589E-01
4.4179688E+00 2.0576E-01
4.4186198E+00 2.0552E-01
4.4192709E+00 2.0546E-01
4.4199219E+00 2.0541E-01
4.4205729E+00 2.0545E-01
4.4212240E+00 2.0555E-01
4.4218750E+00 2.0555E-01
4.4225261E+00 2.0565E-01
4.4231771E+00 2.0575E-01
4.4238282E+00 2.0589E-01
4.4244792E+00 2.0581E-01
4.4251302E+00 2.0618E-01
4.4257813E+00 2.0639E-01
4.4264323E+00 2.0641E-01
4.4270834E+00 2.0655E-01
4.4277344E+00 2.0646E-01
4.4283854E+00 2.0627E-01
4.4290365E+00 2.0588E-01
4.4296875E+00 2.0515E-01
4.4303386E+00 2.0403E-01
4.4309896E+00 2.0245E-01
4.4316407E+00 2.0066E-01
4.4322917E+00 1.9848E-01
4.4329427E+00 1.9608E-01
4.4335938E+00 1.9348E-01
4.4342448E+00 1.9059E-01
4.4348959E+00 1.8777E-01
4.4355469E+00 1.8495E-01
4.4361979E+00 1.8228E-01
4.4368490E+00 1.7873E-01
4.4375000E+00 1.7572E-01
4.4381511E+00 1.7298E-01
4.4388021E+00 1.7050E-01
4.4394532E+00 1.6841E-01
4.4401042E+00 1.6696E-01
4.4407552E+00 1.6588E-01
4.4414063E+00 1.6501E-01
4.4420573E+00 1.6444E-01
4.4427084E+00 1.6393E-01
4.4433594E+00 1.6361E-01
4.4440104E+00 1.6369E-01
4.4446615E+00 1.6402E-01
4.4453125E+00 1.6474E-01
4.4459636E+00 1.6522E-01
4.4466146E+00 1.6604E-01
4.4472657E+00 1.6662E-01
4.4479167E+00 1.6736E-01
4.4485677E+00 1.6816E-01
4.4492188E+00 1.6864E-01
4.4498698E+00 1.6913E-01
4.4505209E+00 1.6936E-01
4.4511719E+00 1.6937E-01
4.4518229E+00 1.6937E-01
4.4524740E+00 1.6932E-01
4.4531250E+00 1.6927E-01
4.4537761E+00 1.6913E-01
4.4544271E+00 1.6926E-01
4.4550782E+00 1.6908E-01
4.4557292E+00 1.6888E-01
4.4563802E+00 1.6878E-01
4.4570313E+00 1.6854E-01
4.4576823E+00 1.6856E-01
4.4583334E+00 1.6843E-01
4.4589844E+00 1.6832E-01
4.4596354E+00 1.6822E-01
4.4602865E+00 1.6822E-01
4.4609375E+00 1.6836E-01
4.4615886E+00 1.6841E-01
4.4622396E+00 1.6851E-01
4.4628907E+00 1.6866E-01
4.4635417E+00 1.6881E-01
4.4641927E+00 1.6887E-01
4.4648438E+00 1.6901E-01
4.4654948E+00 1.6921E-01
4.4661459E+00 1.6903E-01
4.4667969E+00 1.6902E-01
4.4674479E+00 1.6846E-01
4.4680990E+00 1.6795E-01
4.4687500E+00 1.6721E-01
4.4694011E+00 1.6613E-01
4.4700521E+00 1.6498E-01
4.4707032E+00 1.6373E-01
4.4713542E+00 1.6234E-01
4.4720052E+00 1.6088E-01
4.4726563E+00 1.5943E-01
4.4733073E+00 1.5806E-01
4.4739584E+00 1.5685E-01
4.4746094E+00 1.5606E-01
4.4752604E+00 1.5535E-01
4.4759115E+00 1.5516E-01
4.4765625E+00 1.5473E-01
4.4772136E+00 1.5456E-01
4.4778646E+00 1.5450E-01
4.4785157E+00 1.5426E-01
4.4791667E+00 1.5415E-01
4.4798177E+00 1.5429E-01
4.4804688E+00 1.5444E-01
4.4811198E+00 1.5459E-01
4.4817709E+00 1.5506E-01
4.4824219E+00 1.5575E-01
4.4830729E+00 1.5660E-01
4.4837240E+00 1.5782E-01
4.4843750E+00 1.5927E-01
4.4850261E+00 1.6124E-01
4.4856771E+00 1.6343E-01
4.4863282E+00 1.6578E-01
4.4869792E+00 1.6861E-01
4.4876302E+00 1.7129E-01
4.4882813E+00 1.7419E-01
4.4889323E+00 1.7687E-01
4.4895834E+00 1.7902E-01
4.4902344E+00 1.8090E-01
4.4908854E+00 1.8215E-01
4.4915365E+00 1.8303E-01
4.4921875E+00 1.8374E-01
4.4928386E+00 1.8454E-01
4.4934896E+00 1.8534E-01
4.4941407E+00 1.8643E-01
4.4947917E+00 1.8786E-01
4.4954427E+00 1.8904E-01
4.4960938E+00 1.9057E-01
4.4967448E+00 1.9198E-01
4.4973959E+00 1.9367E-01
4.4980469E+00 1.9505E-01
4.4986979E+00 1.9627E-01
4.4993490E+00 1.9738E-01
4.5000000E+00 1.9821E-01
4.5006511E+00 1.9887E-01
4.5013021E+00 1.9901E-01
4.5019532E+00 1.9874E-01
4.5026042E+00 1.9825E-01
4.5032552E+00 1.9756E-01
4.5039063E+00 1.9691E-01
4.5045573E+00 1.9667E-01
4.5052084E+00 1.9708E-01
4.5058594E+00 1.9720E-01
4.5065104E+00 1.9735E-01
4.5071615E+00 1.9741E-01
4.5078125E+00 1.9741E-01
4.5084636E+00 1.9755E-01
4.5091146E+00 1.9752E-01
4.5097657E+00 1.9742E-01
4.5104167E+00 1.9741E-01
4.5110677E+00 1.9732E-01
4.5117188E+00 1.9722E-01
4.5123698E+00 1.9707E-01
4.5130209E+00 1.9687E-01
4.5136719E+00 1.9667E-01
4.5143229E+00 1.9661E-01
4.5149740E+00 1.9642E-01
4.5156250E+00 1.9608E-01
4.5162761E+00 1.9587E-01
4.5169271E+00 1.9534E-01
4.5175782E+00 1.9521E-01
4.5182292E+00 1.9483E-01
4.5188802E+00 1.9443E-01
4.5195313E+00 1.9416E-01
4.5201823E+00 1.9415E-01
4.5208334E+00 1.9429E-01
4.5214844E+00 1.9462E-01
4.5221354E+00 1.9521E-01
4.5227865E+00 1.9614E-01
4.5234375E+00 1.9723E-01
4.5240886E+00 1.9862E-01
4.5247396E+00 1.9984E-01
4.5253907E+00 2.0160E-01
4.5260417E+00 2.0304E-01
4.5266927E+00 2.0454E-01
4.5273438E+00 2.0549E-01
4.5279948E+00 2.0630E-01
4.5286459E+00 2.0659E-01
4.5292969E+00 2.0656E-01
4.5299479E+00 2.0660E-01
4.5305990E+00 2.0656E-01
4.5312500E+00 2.0656E-01
4.5319011E+00 2.0656E-01
4.5325521E+00 2.0646E-01
4.5332032E+00 2.0641E-01
4.5338542E+00 2.0636E-01
4.5345052E+00 2.0650E-01
4.5351563E+00 2.0623E-01
4.5358073E+00 2.0607E-01
4.5364584E+00 2.0592E-01
4.5371094E+00 2.0567E-01
4.5377604E+00 2.0570E-01
4.5384115E+00 2.0556E-01
4.5390625E+00 2.0537E-01
4.5397136E+00 2.0521E-01
4.5403646E+00 2.0525E-01
4.5410157E+00 2.0516E-01
4.5416667E+00 2.0487E-01
4.5423177E+00 2.0452E-01
4.5429688E+00 2.0384E-01
4.5436198E+00 2.0291E-01
4.5442709E+00 2.0144E-01
4.5449219E+00 1.9984E-01
4.5455729E+00 1.9809E-01
4.5462240E+00 1.9582E-01
4.5468750E+00 1.9360E-01
4.5475261E+00 1.9069E-01
4.5481771E+00 1.8805E-01
4.5488282E+00 1.8567E-01
4.5494792E+00 1.8308E-01
4.5501302E+00 1.7995E-01
4.5507813E+00 1.7683E-01
4.5514323E+00 1.7432E-01
4.5520834E+00 1.7209E-01
4.5527344E+00 1.7002E-01
4.5533854E+00 1.6857E-01
4.5540365E+00 1.6739E-01
4.5546875E+00 1.6670E-01
4.5553386E+00 1.6577E-01
4.5559896E+00 1.6510E-01
4.5566407E+00 1.6440E-01
4.5572917E+00 1.6439E-01
4.5579427E+00 1.6454E-01
4.5585938E+00 1.6469E-01
4.5592448E+00 1.6493E-01
4.5598959E+00 1.6532E-01
4.5605469E+00 1.6582E-01
4.5611979E+00 1.6641E-01
4.5618490E+00 1.6702E-01
4.5625000E+00 1.6762E-01
4.5631511E+00 1.6813E-01
4.5638021E+00 1.6849E-01
4.5644532E+00 1.6856E-01
4.5651042E+00 1.6885E-01
4.5657552E+00 1.6901E-01
4.5664063E+00 1.6916E-01
4.5670573E+00 1.6936E-01
4.5677084E+00 1.6932E-01
4.5683594E+00 1.6946E-01
4.5690104E+00 1.6952E-01
4.5696615E+00 1.6952E-01
4.5703125E+00 1.6957E-01
4.5709636E+00 1.6953E-01
4.5716146E+00 1.6952E-01
4.5722657E+00 1.6957E-01
4.5729167E+00 1.6948E-01
4.5735677E+00 1.6938E-01
4.5742188E+00 1.6942E-01
4.5748698E+00 1.6942E-01
4.5755209E+00 1.6914E-01
4.5761719E+00 1.6912E-01
4.5768229E+00 1.6875E-01
4.5774740E+00 1.6881E-01
4.5781250E+00 1.6873E-01
4.5787761E+00 1.6849E-01
4.5794271E+00 1.6828E-01
4.5800782E+00 1.6808E-01
4.5807292E+00 1.6788E-01
4.5813802E+00 1.6763E-01
4.5820313E+00 1.6724E-01
4.5826823E+00 1.6670E-01
4.5833334E+00 1.6601E-01
4.5839844E+00 1.6521E-01
4.5846354E+00 1.6422E-01
4.5852865E+00 1.6363E-01
4.5859375E+00 1.6271E-01
4.5865886E+00 1.6194E-01
4.5872396E+00 1.6118E-01
4.5878907E+00 1.6057E-01
4.5885417E+00 1.6029E-01
4.5891927E+00 1.6014E-01
4.5898438E+00 1.6013E-01
4.5904948E+00 1.6008E-01
4.5911459E+00 1.6012E-01
4.5917969E+00 1.6008E-01
4.5924479E+00 1.6008E-01
4.5930990E+00 1.5998E-01
4.5937500E+00 1.5993E-01
4.5944011E+00 1.5997E-01
4.5950521E+00 1.6011E-01
4.5957032E+00 1.6022E-01
4.5963542E+00 1.6046E-01
4.5970052E+00 1.6066E-01
4.5976563E+00 1.6156E-01
4.5983073E+00 1.6247E-01
4.5989584E+00 1.6356E-01
4.5996094E+00 1.6509E-01
4.6002604E+00 1.6679E-01
4.6009115E+00 1.6873E-01
4.6015625E+00 1.7073E-01
4.6022136E+00 1.7260E-01
4.6028646E+00 1.7428E-01
4.6035157E+00 1.7561E-01
4.6041667E+00 1.7640E-01
4.6048177E+00 1.7692E-01
4.6054688E+00 1.7771E-01
4.6061198E+00 1.7814E-01
4.6067709E+00 1.7886E-01
4.6074219E+00 1.7943E-01
4.6080729E+00 1.8031E-01
4.6087240E+00 1.8136E-01
4.6093750E+00 1.8246E-01
4.6100261E+00 1.8380E-01
4.6106771E+00 1.8515E-01
4.6113282E+00 1.8651E-01
4.6119792E+00 1.8787E-01
4.6126302E+00 1.8922E-01
4.6132813E+00 1.9030E-01
4.6139323E+00 1.9117E-01
4.6145834E+00 1.9188E-01
4.6152344E+00 1.9170E-01
4.6158854E+00 1.9140E-01
4.6165365E+00 1.9050E-01
4.6171875E+00 1.8996E-01
4.6178386E+00 1.8988E-01
4.6184896E+00 1.8973E-01
4.6191407E+00 1.8958E-01
4.6197917E+00 1.8943E-01
4.6204427E+00 1.8942E-01
4.6210938E+00 1.8947E-01
4.6217448E+00 1.8947E-01
4.6223959E+00 1.8947E-01
4.6230469E+00 1.8952E-01
4.6236979E+00 1.8962E-01
4.6243490E+00 1.8962E-01
4.6250000E+00 1.8972E-01
4.6256511E+00 1.8986E-01
4.6263021E+00 1.8978E-01
4.6269532E+00 1.9005E-01
4.6276042E+00 1.8984E-01
4.6282552E+00 1.8987E-01
4.6289063E+00 1.8992E-01
4.6295573E+00 1.8974E-01
4.6302084E+00 1.8963E-01
4.6308594E+00 1.8944E-01
4.6315104E+00 1.8924E-01
4.6321615E+00 1.8908E-01
4.6328125E+00 1.8912E-01
4.6334636E+00 1.8912E-01
4.6341146E+00 1.8940E-01
4.6347657E+00 1.9021E-01
4.6354167E+00 1.9079E-01
4.6360677E+00 1.9190E-01
4.6367188E+00 1.9306E-01
4.6373698E+00 1.9468E-01
4.6380209E+00 1.9620E-01
4.6386719E+00 1.9771E-01
4.6393229E+00 1.9935E-01
4.6399740E+00 2.0064E-01
4.6406250E+00 2.0161E-01
4.6412761E+00 2.0206E-01
4.6419271E+00 2.0213E-01
4.6425782E+00 2.0218E-01
4.6432292E+00 2.0233E-01
4.6438802E+00 2.0243E-01
4.6445313E+00 2.0244E-01
4.6451823E+00 2.0276E-01
4.6458334E+00 2.0298E-01
4.6464844E+00 2.0304E-01
4.6471354E+00 2.0327E-01
4.6477865E+00 2.0329E-01
4.6484375E+00 2.0338E-01
4.6490886E+00 2.0344E-01
4.6497396E+00 2.0349E-01
4.6503907E+00 2.0349E-01
4.6510417E+00 2.0345E-01
4.6516927E+00 2.0340E-01
4.6523438E+00 2.0321E-01
4.6529948E+00 2.0291E-01
4.6536459E+00 2.0228E-01
4.6542969E+00 2.0149E-01
4.6549479E+00 2.0027E-01
4.6555990E+00 1.9836E-01
4.6562500E+00 1.9626E-01
4.6569011E+00 1.9363E-01
4.6575521E+00 1.9125E-01
4.6582032E+00 1.8852E-01
4.6588542E+00 1.8538E-01
4.6595052E+00 1.8226E-01
4.6601563E+00 1.7956E-01
4.6608073E+00 1.7732E-01
4.6614584E+00 1.7450E-01
4.6621094E+00 1.7178E-01
4.6627604E+00 1.6944E-01
4.6634115E+00 1.6755E-01
4.6640625E+00 1.6597E-01
4.6647136E+00 1.6441E-01
4.6653646E+00 1.6374E-01
4.6660157E+00 1.6323E-01
4.6666667E+00 1.6305E-01
4.6673177E+00 1.6281E-01
4.6679688E+00 1.6274E-01
4.6686198E+00 1.6279E-01
4.6692709E+00 1.6279E-01
4.6699219E+00 1.6293E-01
4.6705729E+00 1.6327E-01
4.6712240E+00 1.6348E-01
4.6718750E+00 1.6377E-01
4.6725261E+00 1.6435E-01
4.6731771E+00 1.6491E-01
4.6738282E+00 1.6560E-01
4.6744792E+00 1.6668E-01
4.6751302E+00 1.6774E-01
4.6757813E+00 1.6879E-01
4.6764323E+00 1.7008E-01
4.6770834E+00 1.7111E-01
4.6777344E+00 1.7239E-01
4.6783854E+00 1.7305E-01
4.6790365E+00 1.7342E-01
4.6796875E+00 1.7354E-01
4.6803386E+00 1.7354E-01
4.6809896E+00 1.7378E-01
4.6816407E+00 1.7379E-01
4.6822917E+00 1.7389E-01
4.6829427E+00 1.7413E-01
4.6835938E+00 1.7433E-01
4.6842448E+00 1.7449E-01
4.6848959E+00 1.7468E-01
4.6855469E+00 1.7521E-01
4.6861979E+00 1.7558E-01
4.6868490E+00 1.7621E-01
4.6875000E+00 1.7672E-01
4.6881511E+00 1.7746E-01
4.6888021E+00 1.7835E-01
4.6894532E+00 1.7902E-01
4.6901042E+00 1.7968E-01
4.6907552E+00 1.8000E-01
4.6914063E+00 1.8007E-01
4.6920573E+00 1.7975E-01
4.6927084E+00 1.7874E-01
4.6933594E+00 1.7722E-01
4.6940104E+00 1.7548E-01
4.6946615E+00 1.7367E-01
4.6953125E+00 1.7177E-01
4.6959636E+00 1.7065E-01
4.6966146E+00 1.7002E-01
4.6972657E+00 1.6960E-01
4.6979167E+00 1.6929E-01
4.6985677E+00 1.6904E-01
4.6992188E+00 1.6879E-01
4.6998698E+00 1.6877E-01
4.7005209E+00 1.6877E-01
4.7011719E+00 1.6868E-01
4.7018229E+00 1.6862E-01
4.7024740E+00 1.6866E-01
4.7031250E+00 1.6871E-01
4.7037761E+00 1.6881E-01
4.7044271E+00 1.6882E-01
4.7050782E+00 1.6905E-01
4.7057292E+00 1.6926E-01
4.7063802E+00 1.6932E-01
4.7070313E+00 1.6960E-01
4.7076823E+00 1.6953E-01
4.7083334E+00 1.7008E-01
4.7089844E+00 1.7059E-01
4.7096354E+00 1.7119E-01
4.7102865E+00 1.7221E-01
4.7109375E+00 1.7341E-01
4.7115886E+00 1.7484E-01
4.7122396E+00 1.7658E-01
4.7128907E+00 1.7853E-01
4.7135417E+00 1.8053E-01
4.7141927E+00 1.8273E-01
4.7148438E+00 1.8499E-01
4.7154948E+00 1.8660E-01
4.7161459E+00 1.8811E-01
4.7167969E+00 1.8882E-01
4.7174479E+00 1.8943E-01
4.7180990E+00 1.8952E-01
4.7187500E+00 1.8966E-01
4.7194011E+00 1.8977E-01
4.7200521E+00 1.8987E-01
4.7207032E+00 1.9015E-01
4.7213542E+00 1.9050E-01
4.7220052E+00 1.9095E-01
4.7226563E+00 1.9163E-01
4.7233073E+00 1.9243E-01
4.7239584E+00 1.9342E-01
4.7246094E+00 1.9442E-01
4.7252604E+00 1.9594E-01
4.7259115E+00 1.9713E-01
4.7265625E+00 1.9810E-01
4.7272136E+00 1.9877E-01
4.7278646E+00 1.9905E-01
4.7285157E+00 1.9893E-01
4.7291667E+00 1.9813E-01
4.7298177E+00 1.9667E-01
4.7304688E+00 1.9488E-01
4.7311198E+00 1.9312E-01
4.7317709E+00 1.9131E-01
4.7324219E+00 1.9011E-01
4.7330729E+00 1.8937E-01
4.7337240E+00 1.8885E-01
4.7343750E+00 1.8859E-01
4.7350261E+00 1.8829E-01
4.7356771E+00 1.8785E-01
4.7363282E+00 1.8767E-01
4.7369792E+00 1.8724E-01
4.7376302E+00 1.8726E-01
4.7382813E+00 1.8698E-01
4.7389323E+00 1.8663E-01
4.7395834E+00 1.8651E-01
4.7402344E+00 1.8641E-01
4.7408854E+00 1.8636E-01
4.7415365E+00 1.8626E-01
4.7421875E+00 1.8630E-01
4.7428386E+00 1.8631E-01
4.7434896E+00 1.8635E-01
4.7441407E+00 1.8631E-01
4.7447917E+00 1.8621E-01
4.7454427E+00 1.8653E-01
4.7460938E+00 1.8679E-01
4.7467448E+00 1.8723E-01
4.7473959E+00 1.8749E-01
4.7480469E+00 1.8821E-01
4.7486979E+00 1.8925E-01
4.7493490E+00 1.9021E-01
4.7500000E+00 1.9149E-01
4.7506511E+00 1.9298E-01
4.7513021E+00 1.9454E-01
4.7519532E+00 1.9619E-01
4.7526042E+00 1.9775E-01
4.7532552E+00 1.9917E-01
4.7539063E+00 2.0025E-01
4.7545573E+00 2.0112E-01
4.7552084E+00 2.0113E-01
4.7558594E+00 2.0090E-01
4.7565104E+00 2.0074E-01
4.7571615E+00 2.0050E-01
4.7578125E+00 2.0052E-01
4.7584636E+00 2.0039E-01
4.7591146E+00 2.0024E-01
4.7597657E+00 2.0013E-01
4.7604167E+00 2.0022E-01
4.7610677E+00 2.0027E-01
4.7617188E+00 2.0028E-01
4.7623698E+00 2.0032E-01
4.7630209E+00 2.0047E-01
4.7636719E+00 2.0062E-01
4.7643229E+00 2.0067E-01
4.7649740E+00 2.0072E-01
4.7656250E+00 2.0105E-01
4.7662761E+00 2.0099E-01
4.7669271E+00 2.0112E-01
4.7675782E+00 2.0071E-01
4.7682292E+00 2.0021E-01
4.7688802E+00 1.9948E-01
4.7695313E+00 1.9816E-01
4.7701823E+00 1.9648E-01
4.7708334E+00 1.9454E-01
4.7714844E+00 1.9234E-01
4.7721354E+00 1.8995E-01
4.7727865E+00 1.8740E-01
4.7734375E+00 1.8465E-01
4.7740886E+00 1.8184E-01
4.7747396E+00 1.7958E-01
4.7753907E+00 1.7709E-01
4.7760417E+00 1.7439E-01
4.7766927E+00 1.7154E-01
4.7773438E+00 1.6951E-01
4.7779948E+00 1.6779E-01
4.7786459E+00 1.6622E-01
4.7792969E+00 1.6517E-01
4.7799479E+00 1.6459E-01
4.7805990E+00 1.6413E-01
4.7812500E+00 1.6391E-01
4.7819011E+00 1.6371E-01
4.7825521E+00 1.6374E-01
4.7832032E+00 1.6384E-01
4.7838542E+00 1.6417E-01
4.7845052E+00 1.6434E-01
4.7851563E+00 1.6477E-01
4.7858073E+00 1.6517E-01
4.7864584E+00 1.6562E-01
4.7871094E+00 1.6626E-01
4.7877604E+00 1.6668E-01
4.7884115E+00 1.6745E-01
4.7890625E+00 1.6821E-01
4.7897136E+00 1.6892E-01
4.7903646E+00 1.6972E-01
4.7910157E+00 1.7043E-01
4.7916667E+00 1.7108E-01
4.7923177E+00 1.7146E-01
4.7929688E+00 1.7153E-01
4.7936198E+00 1.7139E-01
4.7942709E+00 1.7138E-01
4.7949219E+00 1.7152E-01
4.7955729E+00 1.7116E-01
4.7962240E+00 1.7108E-01
4.7968750E+00 1.7075E-01
4.7975261E+00 1.7082E-01
4.7981771E+00 1.7074E-01
4.7988282E+00 1.7059E-01
4.7994792E+00 1.7048E-01
4.8001302E+00 1.7038E-01
4.8007813E+00 1.7052E-01
4.8014323E+00 1.7053E-01
4.8020834E+00 1.7057E-01
4.8027344E+00 1.7067E-01
4.8033854E+00 1.7082E-01
4.8040365E+00 1.7092E-01
4.8046875E+00 1.7098E-01
4.8053386E+00 1.7131E-01
4.8059896E+00 1.7128E-01
4.8066407E+00 1.7147E-01
4.8072917E+00 1.7148E-01
4.8079427E+00 1.7139E-01
4.8085938E+00 1.7143E-01
4.8092448E+00 1.7125E-01
4.8098959E+00 1.7104E-01
4.8105469E+00 1.7075E-01
4.8111979E+00 1.7050E-01
4.8118490E+00 1.7029E-01
4.8125000E+00 1.7000E-01
4.8131511E+00 1.6993E-01
4.8138021E+00 1.6983E-01
4.8144532E+00 1.6987E-01
4.8151042E+00 1.6978E-01
4.8157552E+00 1.6949E-01
4.8164063E+00 1.6933E-01
4.8170573E+00 1.6904E-01
4.8177084E+00 1.6911E-01
4.8183594E+00 1.6898E-01
4.8190104E+00 1.6883E-01
4.8196615E+00 1.6873E-01
4.8203125E+00 1.6867E-01
4.8209636E+00 1.6871E-01
4.8216146E+00 1.6895E-01
4.8222656E+00 1.6902E-01
4.8229167E+00 1.6911E-01
4.8235677E+00 1.6935E-01
4.8242188E+00 1.6956E-01
4.8248698E+00 1.6967E-01
4.8255209E+00 1.7009E-01
4.8261719E+00 1.7022E-01
4.8268229E+00 1.7055E-01
4.8274740E+00 1.7053E-01
4.8281250E+00 1.7067E-01
4.8287761E+00 1.7082E-01
4.8294271E+00 1.7069E-01
4.8300781E+00 1.7072E-01
4.8307292E+00 1.7073E-01
4.8313802E+00 1.7073E-01
4.8320313E+00 1.7073E-01
4.8326823E+00 1.7068E-01
4.8333334E+00 1.7054E-01
4.8339844E+00 1.7053E-01
4.8346354E+00 1.7067E-01
4.8352865E+00 1.7031E-01
4.8359375E+00 1.7023E-01
4.8365886E+00 1.7009E-01
4.8372396E+00 1.6980E-01
4.8378906E+00 1.6987E-01
4.8385417E+00 1.6973E-01
4.8391927E+00 1.6958E-01
4.8398438E+00 1.6943E-01
4.8404948E+00 1.6947E-01
4.8411459E+00 1.6957E-01
4.8417969E+00 1.6957E-01
4.8424479E+00 1.6962E-01
4.8430990E+00 1.6967E-01
4.8437500E+00 1.6981E-01
4.8444011E+00 1.6987E-01
4.8450521E+00 1.6992E-01
4.8457031E+00 1.7002E-01
4.8463542E+00 1.6993E-01
4.8470052E+00 1.7006E-01
4.8476563E+00 1.6970E-01
4.8483073E+00 1.6953E-01
4.8489584E+00 1.6943E-01
4.8496094E+00 1.6914E-01
4.8502604E+00 1.6907E-01
4.8509115E+00 1.6907E-01
4.8515625E+00 1.6907E-01
4.8522136E+00 1.6902E-01
4.8528646E+00 1.6902E-01
4.8535156E+00 1.6888E-01
4.8541667E+00 1.6873E-01
4.8548177E+00 1.6886E-01
4.8554688E+00 1.6859E-01
4.8561198E+00 1.6852E-01
4.8567709E+00 1.6814E-01
4.8574219E+00 1.6821E-01
4.8580729E+00 1.6817E-01
4.8587240E+00 1.6812E-01
4.8593750E+00 1.6807E-01
4.8600261E+00 1.6806E-01
4.8606771E+00 1.6830E-01
4.8613281E+00 1.6864E-01
4.8619792E+00 1.6890E-01
4.8626302E+00 1.6939E-01
4.8632813E+00 1.6993E-01
4.8639323E+00 1.7058E-01
4.8645834E+00 1.7100E-01
4.8652344E+00 1.7168E-01
4.8658854E+00 1.7192E-01
4.8665365E+00 1.7203E-01
4.8671875E+00 1.7227E-01
4.8678386E+00 1.7224E-01
4.8684896E+00 1.7238E-01
4.8691406E+00 1.7243E-01
4.8697917E+00 1.7244E-01
4.8704427E+00 1.7239E-01
4.8710938E+00 1.7234E-01
4.8717448E+00 1.7238E-01
4.8723959E+00 1.7234E-01
4.8730469E+00 1.7234E-01
4.8736979E+00 1.7220E-01
4.8743490E+00 1.7223E-01
4.8750000E+00 1.7224E-01
4.8756511E+00 1.7191E-01
4.8763021E+00 1.7188E-01
4.8769531E+00 1.7151E-01
4.8776042E+00 1.7158E-01
4.8782552E+00 1.7149E-01
4.8789063E+00 1.7120E-01
4.8795573E+00 1.7099E-01
4.8802084E+00 1.7084E-01
4.8808594E+00 1.7060E-01
4.8815104E+00 1.7011E-01
4.8821615E+00 1.6952E-01
4.8828125E+00 1.6868E-01
4.8834636E+00 1.6769E-01
4.8841146E+00 1.6659E-01
4.8847656E+00 1.6520E-01
4.8854167E+00 1.6403E-01
4.8860677E+00 1.6264E-01
4.8867188E+00 1.6142E-01
4.8873698E+00 1.6012E-01
4.8880209E+00 1.5909E-01
4.8886719E+00 1.5869E-01
4.8893229E+00 1.5843E-01
4.8899740E+00 1.5828E-01
4.8906250E+00 1.5813E-01
4.8912761E+00 1.5798E-01
4.8919271E+00 1.5801E-01
4.8925781E+00 1.5811E-01
4.8932292E+00 1.5816E-01
4.8938802E+00 1.5812E-01
4.8945313E+00 1.5863E-01
4.8951823E+00 1.5932E-01
4.8958334E+00 1.5993E-01
4.8964844E+00 1.6105E-01
4.8971354E+00 1.6239E-01
4.8977865E+00 1.6440E-01
4.8984375E+00 1.6655E-01
4.8990886E+00 1.6909E-01
4.8997396E+00 1.7193E-01
4.9003906E+00 1.7503E-01
4.9010417E+00 1.7814E-01
4.9016927E+00 1.8093E-01
4.9023438E+00 1.8332E-01
4.9029948E+00 1.8526E-01
4.9036459E+00 1.8657E-01
4.9042969E+00 1.8750E-01
4.9049479E+00 1.8836E-01
4.9055990E+00 1.8972E-01
4.9062500E+00 1.9104E-01
4.9069011E+00 1.9272E-01
4.9075521E+00 1.9433E-01
4.9082031E+00 1.9641E-01
4.9088542E+00 1.9866E-01
4.9095052E+00 2.0073E-01
4.9101563E+00 2.0274E-01
4.9108073E+00 2.0447E-01
4.9114584E+00 2.0609E-01
4.9121094E+00 2.0746E-01
4.9127604E+00 2.0822E-01
4.9134115E+00 2.0845E-01
4.9140625E+00 2.0823E-01
4.9147136E+00 2.0784E-01
4.9153646E+00 2.0739E-01
4.9160156E+00 2.0722E-01
4.9166667E+00 2.0693E-01
4.9173177E+00 2.0677E-01
4.9179688E+00 2.0681E-01
4.9186198E+00 2.0658E-01
4.9192709E+00 2.0642E-01
4.9199219E+00 2.0631E-01
4.9205729E+00 2.0626E-01
4.9212240E+00 2.0626E-01
4.9218750E+00 2.0616E-01
4.9225261E+00 2.0620E-01
4.9231771E+00 2.0611E-01
4.9238281E+00 2.0606E-01
4.9244792E+00 2.0592E-01
4.9251302E+00 2.0586E-01
4.9257813E+00 2.0576E-01
4.9264323E+00 2.0547E-01
4.9270834E+00 2.0536E-01
4.9277344E+00 2.0470E-01
4.9283854E+00 2.0427E-01
4.9290365E+00 2.0369E-01
4.9296875E+00 2.0276E-01
4.9303386E+00 2.0171E-01
4.9309896E+00 2.0051E-01
4.9316406E+00 1.9949E-01
4.9322917E+00 1.9844E-01
4.9329427E+00 1.9748E-01
4.9335938E+00 1.9690E-01
4.9342448E+00 1.9677E-01
4.9348959E+00 1.9746E-01
4.9355469E+00 1.9807E-01
4.9361979E+00 1.9905E-01
4.9368490E+00 1.9954E-01
4.9375000E+00 1.9990E-01
4.9381511E+00 1.9974E-01
4.9388021E+00 1.9958E-01
4.9394531E+00 1.9948E-01
4.9401042E+00 1.9943E-01
4.9407552E+00 1.9942E-01
4.9414063E+00 1.9952E-01
4.9420573E+00 1.9952E-01
4.9427084E+00 1.9962E-01
4.9433594E+00 1.9976E-01
4.9440104E+00 1.9982E-01
4.9446615E+00 1.9982E-01
4.9453125E+00 2.0020E-01
4.9459636E+00 2.0037E-01
4.9466146E+00 2.0052E-01
4.9472656E+00 2.0071E-01
4.9479167E+00 2.0073E-01
4.9485677E+00 2.0087E-01
4.9492188E+00 2.0093E-01
4.9498698E+00 2.0088E-01
4.9505209E+00 2.0069E-01
4.9511719E+00 2.0035E-01
4.9518229E+00 1.9991E-01
4.9524740E+00 1.9894E-01
4.9531250E+00 1.9752E-01
4.9537761E+00 1.9559E-01
4.9544271E+00 1.9340E-01
4.9550781E+00 1.9086E-01
4.9557292E+00 1.8788E-01
4.9563802E+00 1.8482E-01
4.9570313E+00 1.8133E-01
4.9576823E+00 1.7880E-01
4.9583334E+00 1.7647E-01
4.9589844E+00 1.7383E-01
4.9596354E+00 1.7117E-01
4.9602865E+00 1.6883E-01
4.9609375E+00 1.6690E-01
4.9615886E+00 1.6527E-01
4.9622396E+00 1.6366E-01
4.9628906E+00 1.6228E-01
4.9635417E+00 1.6149E-01
4.9641927E+00 1.6092E-01
4.9648438E+00 1.6046E-01
4.9654948E+00 1.6052E-01
4.9661459E+00 1.6048E-01
4.9667969E+00 1.6062E-01
4.9674479E+00 1.6063E-01
4.9680990E+00 1.6086E-01
4.9687500E+00 1.6144E-01
4.9694011E+00 1.6195E-01
4.9700521E+00 1.6268E-01
4.9707031E+00 1.6353E-01
4.9713542E+00 1.6467E-01
4.9720052E+00 1.6610E-01
4.9726563E+00 1.6765E-01
4.9733073E+00 1.6935E-01
4.9739584E+00 1.7134E-01
4.9746094E+00 1.7349E-01
4.9752604E+00 1.7514E-01
4.9759115E+00 1.7656E-01
4.9765625E+00 1.7773E-01
4.9772136E+00 1.7833E-01
4.9778646E+00 1.7879E-01
4.9785156E+00 1.7896E-01
4.9791667E+00 1.7911E-01
4.9798177E+00 1.7940E-01
4.9804688E+00 1.7979E-01
4.9811198E+00 1.8043E-01
4.9817709E+00 1.8122E-01
4.9824219E+00 1.8231E-01
4.9830729E+00 1.8369E-01
4.9837240E+00 1.8524E-01
4.9843750E+00 1.8684E-01
4.9850261E+00 1.8854E-01
4.9856771E+00 1.9044E-01
4.9863281E+00 1.9207E-01
4.9869792E+00 1.9377E-01
4.9876302E+00 1.9478E-01
4.9882813E+00 1.9555E-01
4.9889323E+00 1.9593E-01
4.9895834E+00 1.9553E-01
4.9902344E+00 1.9513E-01
4.9908854E+00 1.9496E-01
4.9915365E+00 1.9500E-01
4.9921875E+00 1.9495E-01
4.9928386E+00 1.9481E-01
4.9934896E+00 1.9475E-01
4.9941406E+00 1.9461E-01
4.9947917E+00 1.9478E-01
4.9954427E+00 1.9433E-01
4.9960938E+00 1.9420E-01
4.9967448E+00 1.9382E-01
4.9973959E+00 1.9375E-01
